platform,market_id,title,category,start_date,close_date,resolution_date,status,outcome,resolution_source,raw_url,volume,liquidity,yes_price,no_price,source,ingested_at
kalshi,KXMVESPORTSMULTIGAMEEXTENDED-S2026E0E1D713191-C4F4FEC420C,"yes New York Y,yes Houston,yes San Diego,yes San Francisco,yes Milwaukee,yes Over 7.5 runs scored",unknown,2026-06-08T02:06:33Z,2026-06-11T22:40:00Z,2026-06-11T22:40:00Z,active,,,,0.0,0.0,,,kalshi_api,2026-06-08T02:06:58.932659+00:00
kalshi,KXMVESPORTSMULTIGAMEEXTENDED-S20267C68EA28004-959DA1DBDEB,"yes Jalen Brunson: 1+,yes OG Anunoby: 1+,yes Josh Hart: 2+,yes Karl-Anthony Towns: 2+,yes De'Aaron Fox: 4+,yes Jalen Brunson: 20+,yes Karl-Anthony Towns: 15+,yes Landry Shamet: 10+,yes Mikal Bridges: 10+,yes OG Anunoby: 10+,yes De'Aaron Fox: 10+,yes Dylan Harper: 10+,yes Devin Vassell: 10+,yes Stephon Castle: 10+,yes Victor Wembanyama: 20+,yes Josh Hart: 4+,yes Karl-Anthony Towns: 10+,yes Victor Wembanyama: 8+,yes Over 201.5 points scored",unknown,2026-06-08T02:06:33Z,2026-06-23T00:30:00Z,2026-06-23T00:30:00Z,active,,,,0.0,0.0,,,kalshi_api,2026-06-08T02:06:58.932659+00:00
kalshi,KXMVESPORTSMULTIGAMEEXTENDED-S202677DD9AC77F8-4FDF580E42E,"yes Benjamin Bonzi,yes Nuno Borges,yes Mattia Bellucci,yes Ugo Humbert",unknown,2026-06-08T02:06:33Z,2026-06-22T08:00:00Z,2026-06-22T08:00:00Z,active,,,,0.0,0.0,,,kalshi_api,2026-06-08T02:06:58.932659+00:00
kalshi,KXMVESPORTSMULTIGAMEEXTENDED-S202612CD75E50D5-85AE5C32A15,"yes Las Vegas,yes Minnesota",unknown,2026-06-08T02:06:33Z,2026-06-23T02:00:00Z,2026-06-23T02:00:00Z,active,,,,0.0,0.0,,,kalshi_api,2026-06-08T02:06:58.932659+00:00
kalshi,KXMVESPORTSMULTIGAMEEXTENDED-S2026F1AA3D02827-5E4AF5941C0,"yes Landry Shamet: 2+,yes Keldon Johnson: 1+,yes Jalen Brunson: 6+,yes Karl-Anthony Towns: 1+,yes Victor Wembanyama: 3+,yes Jalen Brunson: 20+,yes Karl-Anthony Towns: 15+,yes Dylan Harper: 10+,yes Julian Champagnie: 10+,yes Stephon Castle: 15+,yes Victor Wembanyama: 20+,yes Karl-Anthony Towns: 10+,yes San Antonio wins by over 1.5 points,yes Over 204.5 points scored",unknown,2026-06-08T02:06:33Z,2026-06-23T00:30:00Z,2026-06-23T00:30:00Z,active,,,,0.0,0.0,,,kalshi_api,2026-06-08T02:06:58.932659+00:00
kalshi,KXMVESPORTSMULTIGAMEEXTENDED-S20262E65A301498-D63867CCE0F,"yes Jalen Brunson: 1+,yes Karl-Anthony Towns: 1+,yes Landry Shamet: 1+,yes Julian Champagnie: 2+,yes Victor Wembanyama: 1+,yes San Antonio,yes Jalen Brunson: 20+,yes Karl-Anthony Towns: 15+,yes Julian Champagnie: 10+,yes Stephon Castle: 15+,yes Victor Wembanyama: 20+,yes Josh Hart: 1+",unknown,2026-06-08T02:06:33Z,2026-06-23T00:30:00Z,2026-06-23T00:30:00Z,active,,,,0.0,0.0,,,kalshi_api,2026-06-08T02:06:58.932659+00:00
kalshi,KXMVESPORTSMULTIGAMEEXTENDED-S20264C22DA1041E-1F869470BF0,"yes Seattle,yes New York Y,yes Philadelphia,yes Houston,yes Portugal,yes Morocco,yes USA",unknown,2026-06-08T02:06:32Z,2026-06-11T22:35:00Z,2026-06-11T22:35:00Z,active,,,,0.0,0.0,,,kalshi_api,2026-06-08T02:06:58.932659+00:00
kalshi,KXMVESPORTSMULTIGAMEEXTENDED-S2026F1B33BB90FD-7C5EBD8CE3A,"yes Michael Busch: 1+,yes New York",unknown,2026-06-08T02:06:32Z,2026-06-11T00:30:00Z,2026-06-11T00:30:00Z,active,,,,0.0,0.0,,,kalshi_api,2026-06-08T02:06:58.932659+00:00
kalshi,KXMVESPORTSMULTIGAMEEXTENDED-S20261D127B6DDE8-93C6A13135D,"yes Victor Wembanyama: 2+,yes New York,yes Jalen Brunson: 20+,yes Victor Wembanyama: 20+,yes Karl-Anthony Towns: 10+,yes Stephon Castle: 2+,yes Victor Wembanyama: 8+",unknown,2026-06-08T02:06:32Z,2026-06-23T00:30:00Z,2026-06-23T00:30:00Z,active,,,,0.0,0.0,,,kalshi_api,2026-06-08T02:06:58.932659+00:00
kalshi,KXMVESPORTSMULTIGAMEEXTENDED-S2026BE08AABE1EA-CAC817DFD7A,"yes Seattle wins by over 2.5 runs,yes Philadelphia wins by over 2.5 runs,yes Milwaukee wins by over 2.5 runs,yes Over 4.5 runs scored,yes Over 5.5 runs scored,yes Over 5.5 runs scored,yes Over 5.5 runs scored,yes Over 5.5 runs scored",unknown,2026-06-08T02:06:32Z,2026-06-11T22:35:00Z,2026-06-11T22:35:00Z,active,,,,0.0,0.0,,,kalshi_api,2026-06-08T02:06:58.932659+00:00
kalshi,KXMVESPORTSMULTIGAMEEXTENDED-S20268B22A9B0A16-9E4892EA39A,"yes New York,no New York wins by over 9.5 points,no Over 204.5 points scored",unknown,2026-06-08T02:06:32Z,2026-06-23T00:30:00Z,2026-06-23T00:30:00Z,active,,,,0.0,0.0,,,kalshi_api,2026-06-08T02:06:58.932659+00:00
kalshi,KXMVESPORTSMULTIGAMEEXTENDED-S20260A4FB31140E-05F357022EA,"yes Benjamin Bonzi,yes Ugo Humbert,yes Spain,yes France,yes Netherlands,yes Uganda,yes Equatorial Guinea,yes Indiana,yes New York,yes Las Vegas",unknown,2026-06-08T02:06:32Z,2026-06-22T08:00:00Z,2026-06-22T08:00:00Z,active,,,,0.0,0.0,,,kalshi_api,2026-06-08T02:06:58.932659+00:00
kalshi,KXMVESPORTSMULTIGAMEEXTENDED-S2026452634DABAB-B2CAC1B95AC,"yes Korea Republic,yes South Africa,yes Canada,yes USA,yes Brazil,yes Turkiye,yes Ecuador,yes Belgium,yes Uruguay,yes Argentina,yes France",unknown,2026-06-08T02:06:32Z,2026-06-26T02:00:00Z,2026-06-26T02:00:00Z,active,,,,0.0,0.0,,,kalshi_api,2026-06-08T02:06:58.932659+00:00
kalshi,KXMVESPORTSMULTIGAMEEXTENDED-S2026F571AC10D2E-82473069DB4,"yes San Francisco,yes Alex Bregman: 1+,no San Francisco wins by over 1.5 runs,yes Over 5.5 runs scored",unknown,2026-06-08T02:06:32Z,2026-06-11T00:30:00Z,2026-06-11T00:30:00Z,active,,,,0.0,0.0,,,kalshi_api,2026-06-08T02:06:58.932659+00:00
kalshi,KXMVECROSSCATEGORY-S2026D408E2561C6-9783FB2A2A4,"yes Benjamin Bonzi,yes Yibing Wu,yes Nuno Borges,yes Marin Cilic,yes Gabriel Diallo,yes Tallon Griekspoor,yes Zizou Bergs,yes Martin Damm Jr,yes Kamil Majchrzak",unknown,2026-06-08T02:06:32Z,2026-06-22T08:00:00Z,2026-06-22T08:00:00Z,active,,,,0.0,0.0,,,kalshi_api,2026-06-08T02:06:58.932659+00:00
kalshi,KXMVESPORTSMULTIGAMEEXTENDED-S20268ADE45F5803-95BF1A8C5A3,"yes Chicago C,yes Seattle,yes Boston,yes Cleveland,yes Philadelphia,yes Houston,yes San Diego,yes San Francisco,yes Milwaukee,yes Alex Bregman: 2+,yes Ian Happ: 2+,yes Michael Busch: 4+,yes Pete Crow-Armstrong: 3+,yes Pedro Ramirez: 2+,yes Seiya Suzuki: 2+,yes Casey Schmitt: 1+,yes Jung Hoo Lee: 3+,yes Luis Arraez: 2+,yes Matt Chapman: 2+,yes Rafael Devers: 3+,yes Emerson Hancock: 3+,yes Andrew Abbott: 3+,yes Walker Buehler: 3+,yes Jeffrey Springs: 3+,yes Kyle Harrison: 5+,no Over 7.5 runs scored",unknown,2026-06-08T02:06:32Z,2026-06-11T00:30:00Z,2026-06-11T00:30:00Z,active,,,,0.0,0.0,,,kalshi_api,2026-06-08T02:06:58.932659+00:00
kalshi,KXMVESPORTSMULTIGAMEEXTENDED-S20264F057A80755-14995ADB938,"yes Jalen Brunson: 1+,yes Josh Hart: 1+,yes Karl-Anthony Towns: 1+,yes Landry Shamet: 1+,yes Mikal Bridges: 1+,yes Miles McBride: 1+,yes OG Anunoby: 1+,yes Julian Champagnie: 1+,yes Stephon Castle: 1+,yes De'Aaron Fox: 2+,yes Victor Wembanyama: 2+,yes Jalen Brunson: 20+,yes Mikal Bridges: 10+,yes OG Anunoby: 10+,yes Victor Wembanyama: 20+,yes Jalen Brunson: 2+,yes Josh Hart: 6+,yes Karl-Anthony Towns: 10+,yes Mikal Bridges: 2+,yes Mitchell Robinson: 2+,yes OG Anunoby: 4+,yes De'Aaron Fox: 2+,yes Stephon Castle: 4+,yes Victor Wembanyama: 8+,no San Antonio wins by over 19.5 points,yes Over 201.5 points scored",unknown,2026-06-08T02:06:32Z,2026-06-23T00:30:00Z,2026-06-23T00:30:00Z,active,,,,0.0,0.0,,,kalshi_api,2026-06-08T02:06:58.932659+00:00
kalshi,KXMVESPORTSMULTIGAMEEXTENDED-S202655578FB6FCA-0EFD0827626,"yes Victor Wembanyama: 5+,yes Jalen Brunson: 6+,yes Karl-Anthony Towns: 1+,yes OG Anunoby: 1+",unknown,2026-06-08T02:06:32Z,2026-06-23T00:30:00Z,2026-06-23T00:30:00Z,active,,,,0.0,0.0,,,kalshi_api,2026-06-08T02:06:58.932659+00:00
kalshi,KXMVESPORTSMULTIGAMEEXTENDED-S2026F7669DED4AB-A81C4A39662,"yes Karl-Anthony Towns: 1+,yes OG Anunoby: 2+,yes Victor Wembanyama: 1+,yes Jalen Brunson: 20+,yes Mikal Bridges: 10+,no New York wins by over 6.5 points,yes Josh Hart: 1+,yes Mikal Bridges: 1+,yes OG Anunoby: 2+,yes Stephon Castle: 1+,no Over 225.5 points scored",unknown,2026-06-08T02:06:32Z,2026-06-23T00:30:00Z,2026-06-23T00:30:00Z,active,,,,0.0,0.0,,,kalshi_api,2026-06-08T02:06:58.932659+00:00
kalshi,KXMVESPORTSMULTIGAMEEXTENDED-S20265893065093A-ED7E274B3ED,"yes Chicago C,yes New York Y,yes Mikal Bridges: 2+,yes Victor Wembanyama: 2+,yes San Antonio,yes Mikal Bridges: 15+,yes Dylan Harper: 10+,yes Victor Wembanyama: 20+",unknown,2026-06-08T02:06:31Z,2026-06-11T00:30:00Z,2026-06-11T00:30:00Z,active,,,,0.0,0.0,,,kalshi_api,2026-06-08T02:06:58.932659+00:00
kalshi,KXMVECROSSCATEGORY-S20261D4231CF774-C12D65DDF24,"no Michael Busch: 1+,no Pedro Ramirez: 1+,no Casey Schmitt: 1+,no Drew Gilbert: 1+,no Willy Adames: 1+",unknown,2026-06-08T02:06:31Z,2026-06-11T00:30:00Z,2026-06-11T00:30:00Z,active,,,,0.0,0.0,,,kalshi_api,2026-06-08T02:06:58.932659+00:00
kalshi,KXMVESPORTSMULTIGAMEEXTENDED-S20262BDF2920F86-1AFD8105C31,"yes USA,yes Ecuador,yes Spain",unknown,2026-06-08T02:06:31Z,2026-07-03T19:00:00Z,2026-07-03T19:00:00Z,active,,,,0.0,0.0,,,kalshi_api,2026-06-08T02:06:58.932659+00:00
kalshi,KXMVESPORTSMULTIGAMEEXTENDED-S2026C02D4E648B1-8D2FADADF1C,"yes Spain,yes France,yes Netherlands,yes Argentina,yes Philippines,yes Senegal,yes England,yes Portugal,yes Mexico,yes Switzerland,yes Germany,yes Spain,yes Uruguay,yes France",unknown,2026-06-08T02:06:31Z,2026-06-23T02:00:00Z,2026-06-23T02:00:00Z,active,,,,0.0,0.0,,,kalshi_api,2026-06-08T02:06:58.932659+00:00
kalshi,KXMVESPORTSMULTIGAMEEXTENDED-S202663807CE1162-40BCBC2F01B,"yes Victor Wembanyama: 25+,yes New York",unknown,2026-06-08T02:06:31Z,2026-06-23T00:30:00Z,2026-06-23T00:30:00Z,active,,,,0.0,0.0,,,kalshi_api,2026-06-08T02:06:58.932659+00:00
kalshi,KXMVESPORTSMULTIGAMEEXTENDED-S2026ABFC7E17DCF-B1FE8B6CCFD,"yes Spain,yes Argentina,yes Norway,yes Austria,yes Portugal,yes Colombia,yes Canada,yes Brazil,yes Ecuador",unknown,2026-06-08T02:06:31Z,2026-06-29T16:00:00Z,2026-06-29T16:00:00Z,active,,,,0.0,0.0,,,kalshi_api,2026-06-08T02:06:58.932659+00:00
kalshi,KXMVESPORTSMULTIGAMEEXTENDED-S202628760C07AD3-6D729E5B6D5,"yes Seattle,yes Philadelphia,yes Washington,yes Milwaukee,yes Emerson Hancock: 4+,yes Andrew Abbott: 3+,yes Kyle Harrison: 5+,no Boston wins by over 3.5 runs,no Cleveland wins by over 3.5 runs,no Houston wins by over 2.5 runs,no Cincinnati wins by over 3.5 runs,no Over 12.5 runs scored,yes Over 4.5 runs scored,yes Over 3.5 runs scored,yes Over 4.5 runs scored,no Over 11.5 runs scored,yes Over 4.5 runs scored,no Over 14.5 runs scored,yes Stephon Castle: 10+",unknown,2026-06-08T02:06:31Z,2026-06-11T22:35:00Z,2026-06-11T22:35:00Z,active,,,,0.0,0.0,,,kalshi_api,2026-06-08T02:06:58.932659+00:00
kalshi,KXMVESPORTSMULTIGAMEEXTENDED-S202647EDECBABF9-FCBAC6D35C6,"yes San Antonio,yes Over 210.5 points scored,yes Korea Republic,yes Mexico,yes Canada,yes USA,yes Brazil,yes Scotland,yes Switzerland,yes Turkiye,yes Ecuador,yes Germany,yes Netherlands,yes Sweden,yes Belgium,yes Spain,yes Uruguay",unknown,2026-06-08T02:06:31Z,2026-06-23T00:30:00Z,2026-06-23T00:30:00Z,active,,,,0.0,0.0,,,kalshi_api,2026-06-08T02:06:58.932659+00:00
kalshi,KXMVECROSSCATEGORY-S2026C4A450927A4-EC56674679B,"yes South Africa,yes Haiti,yes Qatar,yes Germany,yes Saudi Arabia,yes Algeria,yes Iraq,yes Jordan",unknown,2026-06-08T02:06:30Z,2026-06-25T19:00:00Z,2026-06-25T19:00:00Z,active,,,,0.0,0.0,,,kalshi_api,2026-06-08T02:06:58.932659+00:00
kalshi,KXMVESPORTSMULTIGAMEEXTENDED-S2026B0EA050E681-51869B36B77,"yes Chicago C,yes Moisés Ballesteros: 1+,yes Over 5.5 runs scored",unknown,2026-06-08T02:06:30Z,2026-06-11T00:30:00Z,2026-06-11T00:30:00Z,active,,,,0.0,0.0,,,kalshi_api,2026-06-08T02:06:58.932659+00:00
kalshi,KXMVESPORTSMULTIGAMEEXTENDED-S2026125D6C9BA62-F57189E7F4A,"yes Josh Hart: 2+,yes Karl-Anthony Towns: 2+,yes Jalen Brunson: 2+,yes Josh Hart: 4+,yes De'Aaron Fox: 2+,yes Stephon Castle: 2+,no New York wins by over 25.5 points",unknown,2026-06-08T02:06:30Z,2026-06-23T00:30:00Z,2026-06-23T00:30:00Z,active,,,,0.0,0.0,,,kalshi_api,2026-06-08T02:06:58.932659+00:00
kalshi,KXMVESPORTSMULTIGAMEEXTENDED-S2026DBA507C8A6D-A513483438E,"yes France,yes Philadelphia,yes Houston,yes Milwaukee",unknown,2026-06-08T02:06:30Z,2026-06-22T19:10:00Z,2026-06-22T19:10:00Z,active,,,,0.0,0.0,,,kalshi_api,2026-06-08T02:06:58.932659+00:00
kalshi,KXMVESPORTSMULTIGAMEEXTENDED-S2026626F73913E1-A8921084364,"yes USA,yes Morocco,yes Scotland,yes Switzerland,yes Germany,yes Japan",unknown,2026-06-08T02:06:30Z,2026-06-27T01:00:00Z,2026-06-27T01:00:00Z,active,,,,0.0,0.0,,,kalshi_api,2026-06-08T02:06:58.932659+00:00
kalshi,KXMVECROSSCATEGORY-S20261D4231CF774-6A886A04D53,"no Michael Busch: 1+,yes Pedro Ramirez: 1+,no Casey Schmitt: 1+,no Drew Gilbert: 1+,no Willy Adames: 1+",unknown,2026-06-08T02:06:30Z,2026-06-11T00:30:00Z,2026-06-11T00:30:00Z,active,,,,0.0,0.0,,,kalshi_api,2026-06-08T02:06:58.932659+00:00
kalshi,KXMVESPORTSMULTIGAMEEXTENDED-S20261EB4BF345A4-1CC287D9E71,"yes New York,yes Diego Lopes,yes Bo Nickal,yes Sean O'Malley,yes Alex Pereira,yes Ilia Topuria,yes Mexico,yes Argentina,yes France,yes Portugal",unknown,2026-06-08T02:06:30Z,2026-06-23T00:30:00Z,2026-06-23T00:30:00Z,active,,,,0.0,0.0,,,kalshi_api,2026-06-08T02:06:58.932659+00:00
kalshi,KXMVESPORTSMULTIGAMEEXTENDED-S2026208CDDD5B03-AFD1AFE0B10,"yes San Antonio,yes OG Anunoby: 10+,yes De'Aaron Fox: 10+,yes Stephon Castle: 10+,yes Stephon Castle: 2+",unknown,2026-06-08T02:06:30Z,2026-06-23T00:30:00Z,2026-06-23T00:30:00Z,active,,,,0.0,0.0,,,kalshi_api,2026-06-08T02:06:58.932659+00:00
kalshi,KXMVESPORTSMULTIGAMEEXTENDED-S2026A454CBC8D13-52009B75CAC,"yes Washington,yes Las Vegas,yes Atlanta,yes Minnesota",unknown,2026-06-08T02:06:30Z,2026-06-22T23:00:00Z,2026-06-22T23:00:00Z,active,,,,0.0,0.0,,,kalshi_api,2026-06-08T02:06:58.932659+00:00
kalshi,KXMVESPORTSMULTIGAMEEXTENDED-S20269EEA9C7D86D-D06228AF803,"yes Jalen Brunson: 2+,yes Josh Hart: 1+,yes Landry Shamet: 1+,yes Miles McBride: 2+,yes Jalen Brunson: 6+,yes New York,yes Jalen Brunson: 20+,yes Karl-Anthony Towns: 20+,yes OG Anunoby: 15+,yes Jalen Brunson: 3+,yes Josh Hart: 6+,yes Mikal Bridges: 4+,yes Mitchell Robinson: 4+,yes OG Anunoby: 4+,yes OG Anunoby: 1+",unknown,2026-06-08T02:06:30Z,2026-06-23T00:30:00Z,2026-06-23T00:30:00Z,active,,,,0.0,0.0,,,kalshi_api,2026-06-08T02:06:58.932659+00:00
kalshi,KXMVESPORTSMULTIGAMEEXTENDED-S20266DB7D943D57-A874F849356,"yes Mexico,yes Canada,yes USA,yes Germany,yes Belgium,yes Spain,yes Portugal,yes Colombia",unknown,2026-06-08T02:06:30Z,2026-06-25T19:00:00Z,2026-06-25T19:00:00Z,active,,,,0.0,0.0,,,kalshi_api,2026-06-08T02:06:58.932659+00:00
kalshi,KXMVESPORTSMULTIGAMEEXTENDED-S2026B46534B541C-21D67B1B2F1,"no Toronto wins by over 3.5 runs,no Over 231.5 points scored",unknown,2026-06-08T02:06:30Z,2026-06-11T23:07:00Z,2026-06-11T23:07:00Z,active,,,,0.0,0.0,,,kalshi_api,2026-06-08T02:06:58.932659+00:00
kalshi,KXMVESPORTSMULTIGAMEEXTENDED-S202657335B6F879-2D2E7D586AB,"yes Brazil,yes USA,yes Ecuador,yes Spain",unknown,2026-06-08T02:06:29Z,2026-07-04T01:00:00Z,2026-07-04T01:00:00Z,active,,,,0.0,0.0,,,kalshi_api,2026-06-08T02:06:58.932659+00:00
kalshi,KXMVESPORTSMULTIGAMEEXTENDED-S202665FE10FC64F-DD72E44FA1A,"yes Landry Shamet: 2+,yes Julian Champagnie: 2+,yes Karl-Anthony Towns: 15+,yes Landry Shamet: 10+,yes OG Anunoby: 10+,yes Karl-Anthony Towns: 10+",unknown,2026-06-08T02:06:29Z,2026-06-23T00:30:00Z,2026-06-23T00:30:00Z,active,,,,0.0,0.0,,,kalshi_api,2026-06-08T02:06:58.932659+00:00
kalshi,KXMVESPORTSMULTIGAMEEXTENDED-S20264A3D09DBFA9-757DAD4AE44,"yes Korea Republic,yes South Africa,yes Canada,yes USA,yes Brazil,yes Turkiye,yes Ecuador,yes Belgium,yes Uruguay,yes France",unknown,2026-06-08T02:06:29Z,2026-06-26T02:00:00Z,2026-06-26T02:00:00Z,active,,,,0.0,0.0,,,kalshi_api,2026-06-08T02:06:58.932659+00:00
kalshi,KXMVESPORTSMULTIGAMEEXTENDED-S2026F1CB8DD3B29-5964942CAE4,"yes San Francisco,yes Alex Bregman: 2+,yes Rafael Devers: 2+,no Over 5.5 runs scored",unknown,2026-06-08T02:06:29Z,2026-06-11T00:30:00Z,2026-06-11T00:30:00Z,active,,,,0.0,0.0,,,kalshi_api,2026-06-08T02:06:58.932659+00:00
kalshi,KXMVESPORTSMULTIGAMEEXTENDED-S202661D82DB312F-E853A173EEF,"yes San Francisco wins by over 3.5 runs,yes Over 6.5 runs scored,yes Over 6.5 runs scored",unknown,2026-06-08T02:06:29Z,2026-06-12T01:45:00Z,2026-06-12T01:45:00Z,active,,,,0.0,0.0,,,kalshi_api,2026-06-08T02:06:58.932659+00:00
kalshi,KXMVECROSSCATEGORY-S20268045B8E416E-EECE1D3294E,"yes Over 5.5 runs scored,yes Over 4.5 runs scored,yes Over 5.5 runs scored",unknown,2026-06-08T02:06:29Z,2026-06-11T22:35:00Z,2026-06-11T22:35:00Z,active,,,,0.0,0.0,,,kalshi_api,2026-06-08T02:06:58.932659+00:00
kalshi,KXMVECROSSCATEGORY-S202670CE8B08FEE-351A30DE639,"yes Over 2.5 runs scored,yes Over 3.5 runs scored,yes Over 3.5 runs scored,yes Over 3.5 runs scored,yes Over 3.5 runs scored,yes Over 3.5 runs scored,yes Over 3.5 runs scored,yes Over 3.5 runs scored,yes Over 4.5 runs scored,yes Jalen Brunson: 20+",unknown,2026-06-08T02:06:29Z,2026-06-11T00:30:00Z,2026-06-11T00:30:00Z,active,,,,0.0,0.0,,,kalshi_api,2026-06-08T02:06:58.932659+00:00
kalshi,KXMVESPORTSMULTIGAMEEXTENDED-S20268917B7E4ACB-2F99994EDC3,"no Carson Kelly: 1+,no Moisés Ballesteros: 1+,no Pedro Ramirez: 1+,no Jung Hoo Lee: 1+,no Over 5.5 runs scored",unknown,2026-06-08T02:06:29Z,2026-06-11T00:30:00Z,2026-06-11T00:30:00Z,active,,,,0.0,0.0,,,kalshi_api,2026-06-08T02:06:58.932659+00:00
kalshi,KXMVESPORTSMULTIGAMEEXTENDED-S20264E94B806622-C1BE42A1B00,"yes Landry Shamet: 1+,yes Victor Wembanyama: 1+,yes Jalen Brunson: 20+,yes Mikal Bridges: 10+",unknown,2026-06-08T02:06:29Z,2026-06-23T00:30:00Z,2026-06-23T00:30:00Z,active,,,,0.0,0.0,,,kalshi_api,2026-06-08T02:06:58.932659+00:00
kalshi,KXMVESPORTSMULTIGAMEEXTENDED-S202632A361C892A-4C184C1F261,"yes Victor Wembanyama: 2+,yes Jalen Brunson: 25+,yes Karl-Anthony Towns: 15+,yes OG Anunoby: 10+,yes De'Aaron Fox: 10+,yes Dylan Harper: 10+,yes Devin Vassell: 10+,yes Victor Wembanyama: 20+,yes Josh Hart: 6+",unknown,2026-06-08T02:06:29Z,2026-06-23T00:30:00Z,2026-06-23T00:30:00Z,active,,,,0.0,0.0,,,kalshi_api,2026-06-08T02:06:58.932659+00:00
kalshi,KXMVESPORTSMULTIGAMEEXTENDED-S20260673F6D5888-B42D73AA3A6,"yes Jalen Brunson: 1+,yes Mikal Bridges: 1+,yes OG Anunoby: 1+,yes Jalen Brunson: 6+,yes Josh Hart: 2+,yes Karl-Anthony Towns: 2+,yes De'Aaron Fox: 2+,yes Victor Wembanyama: 2+,yes Victor Wembanyama: 3+,yes New York,yes Karl-Anthony Towns: 15+,yes Mikal Bridges: 10+,yes OG Anunoby: 10+,yes De'Aaron Fox: 10+,yes Dylan Harper: 10+,yes Devin Vassell: 10+,yes Victor Wembanyama: 20+,yes Over 201.5 points scored,yes Mexico,yes USA,yes Scotland,yes Switzerland,yes Germany",unknown,2026-06-08T02:06:29Z,2026-06-23T00:30:00Z,2026-06-23T00:30:00Z,active,,,,0.0,0.0,,,kalshi_api,2026-06-08T02:06:58.932659+00:00
kalshi,KXMVESPORTSMULTIGAMEEXTENDED-S20269D7DFE24F5D-101AFE53B3B,"yes Jalen Brunson: 10+,yes New York,yes Jalen Brunson: 30+",unknown,2026-06-08T02:06:29Z,2026-06-23T00:30:00Z,2026-06-23T00:30:00Z,active,,,,0.0,0.0,,,kalshi_api,2026-06-08T02:06:58.932659+00:00
kalshi,KXMVESPORTSMULTIGAMEEXTENDED-S202628CC247EAE6-A9E698FAFB1,"yes San Francisco,no Alex Bregman: 1+,no Michael Busch: 1+,no Pedro Ramirez: 1+,no Drew Gilbert: 1+,no Willy Adames: 1+,yes Over 5.5 runs scored",unknown,2026-06-08T02:06:29Z,2026-06-11T00:30:00Z,2026-06-11T00:30:00Z,active,,,,0.0,0.0,,,kalshi_api,2026-06-08T02:06:58.932659+00:00
kalshi,KXMVESPORTSMULTIGAMEEXTENDED-S2026626F73913E1-5F2B20965FE,"yes USA,yes Morocco,yes Scotland,yes Switzerland,yes Germany,yes Netherlands",unknown,2026-06-08T02:06:28Z,2026-06-27T01:00:00Z,2026-06-27T01:00:00Z,active,,,,0.0,0.0,,,kalshi_api,2026-06-08T02:06:58.932659+00:00
kalshi,KXMVESPORTSMULTIGAMEEXTENDED-S2026E7E83E5A534-4A59669D0BE,"yes Spain,yes France,yes Netherlands,yes Uganda,yes Armenia,yes Bahrain,yes China PR,yes Hungary,yes Philippines",unknown,2026-06-08T02:06:28Z,2026-06-23T02:00:00Z,2026-06-23T02:00:00Z,active,,,,0.0,0.0,,,kalshi_api,2026-06-08T02:06:58.932659+00:00
kalshi,KXMVESPORTSMULTIGAMEEXTENDED-S2026E3A47711BD6-1ED53FF766E,"yes Karl-Anthony Towns: 1+,yes Landry Shamet: 1+,yes OG Anunoby: 1+,yes Victor Wembanyama: 1+,yes Karl-Anthony Towns: 2+,yes De'Aaron Fox: 2+,yes Victor Wembanyama: 2+,yes Karl-Anthony Towns: 15+,yes OG Anunoby: 10+,yes Dylan Harper: 10+,yes OG Anunoby: 2+,yes Jalen Brunson: 1+",unknown,2026-06-08T02:06:28Z,2026-06-23T00:30:00Z,2026-06-23T00:30:00Z,active,,,,0.0,0.0,,,kalshi_api,2026-06-08T02:06:58.932659+00:00
kalshi,KXMVESPORTSMULTIGAMEEXTENDED-S20264E51E643DE8-4426F58FFBC,"yes Spain,yes France,yes Netherlands,yes Seattle,yes Philadelphia,yes Houston,yes San Diego,yes Over 207.5 points scored",unknown,2026-06-08T02:06:28Z,2026-06-23T02:00:00Z,2026-06-23T02:00:00Z,active,,,,0.0,0.0,,,kalshi_api,2026-06-08T02:06:58.932659+00:00
kalshi,KXMVESPORTSMULTIGAMEEXTENDED-S2026F4C9E438DC6-43D0A7A24F0,"yes Mexico,yes Brazil,yes USA,yes Ecuador,yes Spain",unknown,2026-06-08T02:06:28Z,2026-07-03T01:00:00Z,2026-07-03T01:00:00Z,active,,,,0.0,0.0,,,kalshi_api,2026-06-08T02:06:58.932659+00:00
kalshi,KXMVESPORTSMULTIGAMEEXTENDED-S2026336E1796A8B-C8467FCA30A,"yes Seattle,yes Boston,yes New York Y,yes Houston wins by over 3.5 runs,no Over 7.5 runs scored,yes Over 7.5 runs scored,yes Over 8.5 runs scored",unknown,2026-06-08T02:06:28Z,2026-06-11T22:35:00Z,2026-06-11T22:35:00Z,active,,,,0.0,0.0,,,kalshi_api,2026-06-08T02:06:58.932659+00:00
kalshi,KXMVESPORTSMULTIGAMEEXTENDED-S2026CBC8D05A1E4-92DAE8401BE,"yes Jalen Brunson: 1+,yes Karl-Anthony Towns: 1+,yes Landry Shamet: 1+,yes Mikal Bridges: 1+,yes OG Anunoby: 1+,yes Victor Wembanyama: 1+,yes Josh Hart: 2+,yes Karl-Anthony Towns: 2+,yes De'Aaron Fox: 2+,yes Victor Wembanyama: 2+,yes Victor Wembanyama: 3+,yes Jalen Brunson: 20+,yes Mikal Bridges: 10+,yes OG Anunoby: 10+,yes De'Aaron Fox: 10+,yes Stephon Castle: 10+,yes Victor Wembanyama: 20+,yes Jalen Brunson: 2+,yes Josh Hart: 4+,yes Mikal Bridges: 2+,yes Mitchell Robinson: 2+,yes OG Anunoby: 4+,yes De'Aaron Fox: 2+,yes Stephon Castle: 2+,yes Victor Wembanyama: 8+,yes OG Anunoby: 1+,yes Victor Wembanyama: 1+",unknown,2026-06-08T02:06:28Z,2026-06-23T00:30:00Z,2026-06-23T00:30:00Z,active,,,,0.0,0.0,,,kalshi_api,2026-06-08T02:06:58.932659+00:00
kalshi,KXMVESPORTSMULTIGAMEEXTENDED-S20262B1AF808A88-6AE2224DBE3,"yes OG Anunoby: 2+,yes Julian Champagnie: 2+,yes Jalen Brunson: 20+,yes Karl-Anthony Towns: 15+,yes Mikal Bridges: 10+,yes De'Aaron Fox: 10+,yes Victor Wembanyama: 20+",unknown,2026-06-08T02:06:28Z,2026-06-23T00:30:00Z,2026-06-23T00:30:00Z,active,,,,0.0,0.0,,,kalshi_api,2026-06-08T02:06:58.932659+00:00
kalshi,KXMVESPORTSMULTIGAMEEXTENDED-S2026D9B0E72F302-7D3CF24F7B9,"yes Benjamin Bonzi,yes Nuno Borges,yes Denis Shapovalov,yes San Antonio,yes Josh Hokit,yes Diego Lopes,yes Bo Nickal,yes Sean O'Malley,yes Alex Pereira,yes Mauricio Ruffy,yes Canada",unknown,2026-06-08T02:06:28Z,2026-06-22T08:00:00Z,2026-06-22T08:00:00Z,active,,,,0.0,0.0,,,kalshi_api,2026-06-08T02:06:58.932659+00:00
kalshi,KXMVESPORTSMULTIGAMEEXTENDED-S202662FF751DD5C-005AE6FC43F,"yes Benjamin Bonzi,yes Yibing Wu,yes Ugo Humbert,yes Hubert Hurkacz,yes Zizou Bergs,yes Spain,yes France,yes Netherlands,yes Uganda,yes Josh Hokit,yes Bo Nickal,yes Sean O'Malley,yes Mauricio Ruffy,yes Ilia Topuria,yes Switzerland,yes Germany,yes Liudmila Samsonova,yes Marta Kostyuk,yes Qinwen Zheng,yes Ekaterina Alexandrova,yes Elise Mertens,yes Hanne Vandewinkel,yes Elena-Gabriela Ruse,yes Barbora Krejcikova,yes Clara Tauson,yes Anastasia Potapova",unknown,2026-06-08T02:06:28Z,2026-06-22T08:00:00Z,2026-06-22T08:00:00Z,active,,,,0.0,0.0,,,kalshi_api,2026-06-08T02:06:58.932659+00:00
kalshi,KXMVESPORTSMULTIGAMEEXTENDED-S202666FE289508F-E5EA6F09877,"yes Karl-Anthony Towns: 1+,yes OG Anunoby: 2+,yes Victor Wembanyama: 1+,yes Mikal Bridges: 10+,no New York wins by over 6.5 points,yes Josh Hart: 1+,yes Mikal Bridges: 1+,yes OG Anunoby: 2+,yes Stephon Castle: 1+,no Over 225.5 points scored",unknown,2026-06-08T02:06:28Z,2026-06-23T00:30:00Z,2026-06-23T00:30:00Z,active,,,,0.0,0.0,,,kalshi_api,2026-06-08T02:06:58.932659+00:00
kalshi,KXMVESPORTSMULTIGAMEEXTENDED-S2026D2C012DCACF-B402A07D004,"no Toronto wins by over 3.5 runs,no A's wins by over 3.5 runs,no Over 231.5 points scored",unknown,2026-06-08T02:06:28Z,2026-06-11T23:07:00Z,2026-06-11T23:07:00Z,active,,,,0.0,0.0,,,kalshi_api,2026-06-08T02:06:58.932659+00:00
kalshi,KXMVECROSSCATEGORY-S202647231A4C156-6A3EF134275,"yes Benjamin Bonzi,yes Yibing Wu,yes Nuno Borges,yes Marin Cilic,yes Gabriel Diallo,yes Tallon Griekspoor,yes Martin Damm Jr,yes Kamil Majchrzak",unknown,2026-06-08T02:06:28Z,2026-06-22T08:00:00Z,2026-06-22T08:00:00Z,active,,,,0.0,0.0,,,kalshi_api,2026-06-08T02:06:58.932659+00:00
kalshi,KXMVESPORTSMULTIGAMEEXTENDED-S2026E664AB5D25D-D4A39BFCB5D,"yes Seattle,yes Boston,yes New York Y,yes Houston wins by over 3.5 runs,yes Over 7.5 runs scored,yes Over 8.5 runs scored",unknown,2026-06-08T02:06:28Z,2026-06-11T22:35:00Z,2026-06-11T22:35:00Z,active,,,,0.0,0.0,,,kalshi_api,2026-06-08T02:06:58.932659+00:00
kalshi,KXMVESPORTSMULTIGAMEEXTENDED-S20268ADE45F5803-4BFDD4B6937,"yes Chicago C,yes Seattle,yes Boston,yes Cleveland,yes Philadelphia,yes Houston,yes San Diego,yes San Francisco,yes Milwaukee,yes Alex Bregman: 2+,yes Ian Happ: 2+,yes Michael Busch: 4+,yes Pete Crow-Armstrong: 3+,yes Pedro Ramirez: 2+,yes Seiya Suzuki: 2+,yes Casey Schmitt: 1+,yes Jung Hoo Lee: 3+,yes Luis Arraez: 2+,yes Matt Chapman: 2+,yes Rafael Devers: 3+,yes Emerson Hancock: 4+,yes Andrew Abbott: 3+,yes Walker Buehler: 3+,yes Jeffrey Springs: 3+,yes Kyle Harrison: 5+,no Over 7.5 runs scored",unknown,2026-06-08T02:06:27Z,2026-06-11T00:30:00Z,2026-06-11T00:30:00Z,active,,,,0.0,0.0,,,kalshi_api,2026-06-08T02:06:58.932659+00:00
kalshi,KXMVESPORTSMULTIGAMEEXTENDED-S202676B2DDA8159-1FB647FE5D8,"yes San Antonio,yes Over 210.5 points scored,yes Korea Republic,yes Mexico,yes Canada,yes USA,yes Brazil,yes Scotland,yes Switzerland,yes Turkiye,yes Ecuador,yes Germany,yes Netherlands,yes Sweden,yes Belgium,yes Spain",unknown,2026-06-08T02:06:27Z,2026-06-23T00:30:00Z,2026-06-23T00:30:00Z,active,,,,0.0,0.0,,,kalshi_api,2026-06-08T02:06:58.932659+00:00
kalshi,KXMVESPORTSMULTIGAMEEXTENDED-S20262C7BEB54587-85A5F74D592,"yes Seattle,yes Philadelphia,yes Washington,yes Milwaukee,yes Emerson Hancock: 4+,yes Andrew Abbott: 3+,yes Kyle Harrison: 5+,no Boston wins by over 3.5 runs,no Cleveland wins by over 3.5 runs,no Houston wins by over 2.5 runs,no Cincinnati wins by over 3.5 runs,no Over 12.5 runs scored,yes Over 4.5 runs scored,yes Over 3.5 runs scored,yes Over 4.5 runs scored,no Over 11.5 runs scored,yes Over 4.5 runs scored,no Over 14.5 runs scored,yes Jalen Brunson: 20+,yes Karl-Anthony Towns: 15+,yes OG Anunoby: 10+,yes Stephon Castle: 10+",unknown,2026-06-08T02:06:27Z,2026-06-11T22:35:00Z,2026-06-11T22:35:00Z,active,,,,0.0,0.0,,,kalshi_api,2026-06-08T02:06:58.932659+00:00
kalshi,KXMVESPORTSMULTIGAMEEXTENDED-S2026F6601BF288B-065AB3961D4,"no Carson Kelly: 1+,no Moisés Ballesteros: 1+,no Jung Hoo Lee: 1+,no Over 5.5 runs scored",unknown,2026-06-08T02:06:27Z,2026-06-11T00:30:00Z,2026-06-11T00:30:00Z,active,,,,0.0,0.0,,,kalshi_api,2026-06-08T02:06:58.932659+00:00
kalshi,KXMVESPORTSMULTIGAMEEXTENDED-S2026B38CB17346E-F04498FE460,"yes Landry Shamet: 2+,yes Julian Champagnie: 1+,yes Victor Wembanyama: 3+,yes Dylan Harper: 10+,yes OG Anunoby: 1+",unknown,2026-06-08T02:06:27Z,2026-06-23T00:30:00Z,2026-06-23T00:30:00Z,active,,,,0.0,0.0,,,kalshi_api,2026-06-08T02:06:58.932659+00:00
kalshi,KXMVECROSSCATEGORY-S2026DF6297F715F-F9EF0D2CA32,"no Michael Busch: 1+,no Casey Schmitt: 1+,no Drew Gilbert: 1+,no Willy Adames: 1+",unknown,2026-06-08T02:06:27Z,2026-06-11T00:30:00Z,2026-06-11T00:30:00Z,active,,,,0.0,0.0,,,kalshi_api,2026-06-08T02:06:58.932659+00:00
kalshi,KXMVECROSSCATEGORY-S2026FB2264396F1-CF078B322F1,"yes De'Aaron Fox: 2+,yes Jalen Brunson: 20+,yes OG Anunoby: 10+,yes Stephon Castle: 10+,yes Victor Wembanyama: 20+,yes Josh Hart: 4+,yes Mikal Bridges: 2+,yes Mitchell Robinson: 2+,yes OG Anunoby: 2+,yes Stephon Castle: 2+,yes Victor Wembanyama: 8+",unknown,2026-06-08T02:06:27Z,2026-06-23T00:30:00Z,2026-06-23T00:30:00Z,active,,,,0.0,0.0,,,kalshi_api,2026-06-08T02:06:58.932659+00:00
kalshi,KXMVECROSSCATEGORY-S20262118E465D34-90A42A866E6,"yes Jalen Brunson: 20+,yes OG Anunoby: 10+,yes Victor Wembanyama: 20+,no New York wins by over 15.5 points,yes Over 201.5 points scored",unknown,2026-06-08T02:06:27Z,2026-06-23T00:30:00Z,2026-06-23T00:30:00Z,active,,,,0.0,0.0,,,kalshi_api,2026-06-08T02:06:58.932659+00:00
kalshi,KXMVESPORTSMULTIGAMEEXTENDED-S2026834DAA91B2E-4AE8492306B,"yes Karl-Anthony Towns: 2+,yes Jalen Brunson: 2+,yes Josh Hart: 4+,yes De'Aaron Fox: 2+,yes Stephon Castle: 2+,no New York wins by over 25.5 points",unknown,2026-06-08T02:06:27Z,2026-06-23T00:30:00Z,2026-06-23T00:30:00Z,active,,,,0.0,0.0,,,kalshi_api,2026-06-08T02:06:58.932659+00:00
kalshi,KXMVESPORTSMULTIGAMEEXTENDED-S20266896A043A4B-BF4A836E399,"yes Spain,yes France,yes Netherlands,yes Landry Shamet: 1+,yes Julian Champagnie: 1+,yes Stephon Castle: 10+",unknown,2026-06-08T02:06:27Z,2026-06-23T02:00:00Z,2026-06-23T02:00:00Z,active,,,,0.0,0.0,,,kalshi_api,2026-06-08T02:06:58.932659+00:00
kalshi,KXMVESPORTSMULTIGAMEEXTENDED-S20264DF52DEEFFD-AA1869C5597,"yes USA,yes Morocco,yes Scotland,yes Switzerland,yes Germany",unknown,2026-06-08T02:06:27Z,2026-06-27T01:00:00Z,2026-06-27T01:00:00Z,active,,,,0.0,0.0,,,kalshi_api,2026-06-08T02:06:58.932659+00:00
kalshi,KXMVESPORTSMULTIGAMEEXTENDED-S2026F1AA3D02827-4F156041612,"yes Landry Shamet: 2+,yes Keldon Johnson: 1+,yes Jalen Brunson: 6+,yes Karl-Anthony Towns: 1+,yes Victor Wembanyama: 3+,yes Jalen Brunson: 20+,yes Karl-Anthony Towns: 15+,yes Dylan Harper: 10+,yes Julian Champagnie: 10+,yes Stephon Castle: 15+,yes Victor Wembanyama: 20+,yes Karl-Anthony Towns: 10+,yes San Antonio wins by over 1.5 points,yes Over 201.5 points scored",unknown,2026-06-08T02:06:27Z,2026-06-23T00:30:00Z,2026-06-23T00:30:00Z,active,,,,0.0,0.0,,,kalshi_api,2026-06-08T02:06:58.932659+00:00
kalshi,KXMVESPORTSMULTIGAMEEXTENDED-S2026F1CB8DD3B29-1D5007A5852,"yes San Francisco,yes Alex Bregman: 2+,yes Rafael Devers: 1+,no Over 5.5 runs scored",unknown,2026-06-08T02:06:27Z,2026-06-11T00:30:00Z,2026-06-11T00:30:00Z,active,,,,0.0,0.0,,,kalshi_api,2026-06-08T02:06:58.932659+00:00
kalshi,KXMVECROSSCATEGORY-S20269B5E9B20FDD-CEFA5F580DD,"yes Netherlands,yes Sweden,yes Belgium,yes Uruguay,yes Argentina,yes France,yes Norway,yes Austria",unknown,2026-06-08T02:06:26Z,2026-06-28T20:00:00Z,2026-06-28T20:00:00Z,active,,,,0.0,0.0,,,kalshi_api,2026-06-08T02:06:58.932659+00:00
kalshi,KXMVESPORTSMULTIGAMEEXTENDED-S2026073F35D1CAB-21B8C8D7FDC,"yes Spain,yes France,yes Netherlands,yes Seattle,yes Tampa Bay,yes Philadelphia,yes Houston,yes San Diego,yes Over 207.5 points scored",unknown,2026-06-08T02:06:26Z,2026-06-23T02:00:00Z,2026-06-23T02:00:00Z,active,,,,0.0,0.0,,,kalshi_api,2026-06-08T02:06:58.932659+00:00
kalshi,KXMVESPORTSMULTIGAMEEXTENDED-S2026DBDE3E2E075-995D5A637DB,"yes Victor Wembanyama: 1+,yes Josh Hart: 2+,yes Karl-Anthony Towns: 2+,yes De'Aaron Fox: 4+,yes Jalen Brunson: 20+,yes Karl-Anthony Towns: 15+,yes Landry Shamet: 10+,yes Mikal Bridges: 10+,yes OG Anunoby: 10+,yes De'Aaron Fox: 10+,yes Dylan Harper: 10+,yes Devin Vassell: 10+,yes Stephon Castle: 10+,yes Victor Wembanyama: 20+,yes Josh Hart: 4+,yes Karl-Anthony Towns: 10+,yes Victor Wembanyama: 8+,yes Over 201.5 points scored",unknown,2026-06-08T02:06:26Z,2026-06-23T00:30:00Z,2026-06-23T00:30:00Z,active,,,,0.0,0.0,,,kalshi_api,2026-06-08T02:06:58.932659+00:00
kalshi,KXMVESPORTSMULTIGAMEEXTENDED-S20264E69DC8DAE3-2FF2B722E5C,"yes OG Anunoby: 2+,yes Karl-Anthony Towns: 15+,yes Dylan Harper: 10+,yes Victor Wembanyama: 25+",unknown,2026-06-08T02:06:26Z,2026-06-23T00:30:00Z,2026-06-23T00:30:00Z,active,,,,0.0,0.0,,,kalshi_api,2026-06-08T02:06:58.932659+00:00
kalshi,KXMVESPORTSMULTIGAMEEXTENDED-S2026BF881974B2D-A8A8B53F5AC,"yes Victor Wembanyama: 2+,yes Victor Wembanyama: 3+,yes Victor Wembanyama: 30+,yes Victor Wembanyama: 10+",unknown,2026-06-08T02:06:26Z,2026-06-23T00:30:00Z,2026-06-23T00:30:00Z,active,,,,0.0,0.0,,,kalshi_api,2026-06-08T02:06:58.932659+00:00
kalshi,KXMVESPORTSMULTIGAMEEXTENDED-S20266ABD846F8D4-55FB4DC84A4,"yes New York,yes Jalen Brunson: 20+,yes Victor Wembanyama: 20+,yes Karl-Anthony Towns: 10+,yes Stephon Castle: 2+,yes Victor Wembanyama: 8+",unknown,2026-06-08T02:06:26Z,2026-06-23T00:30:00Z,2026-06-23T00:30:00Z,active,,,,0.0,0.0,,,kalshi_api,2026-06-08T02:06:58.932659+00:00
kalshi,KXMVESPORTSMULTIGAMEEXTENDED-S20265E495EBD62D-52A2D3C6B25,"no Michael Busch: 1+,no Bryce Eldridge: 1+,no Casey Schmitt: 1+,no Daniel Susac: 1+,no Rafael Devers: 1+,no Willy Adames: 1+,no Willy Adames: 1+,no San Francisco wins by over 1.5 runs,no Over 3.5 runs scored",unknown,2026-06-08T02:06:26Z,2026-06-11T00:30:00Z,2026-06-11T00:30:00Z,active,,,,0.0,0.0,,,kalshi_api,2026-06-08T02:06:58.932659+00:00
kalshi,KXMVESPORTSMULTIGAMEEXTENDED-S2026E4E0FF0EDC5-BAA7D00ACC6,"yes Moisés Ballesteros: 1+,no San Francisco wins by over 1.5 runs,no Over 5.5 runs scored",unknown,2026-06-08T02:06:26Z,2026-06-11T00:30:00Z,2026-06-11T00:30:00Z,active,,,,0.0,0.0,,,kalshi_api,2026-06-08T02:06:58.932659+00:00
kalshi,KXMVESPORTSMULTIGAMEEXTENDED-S20264C03B83F50F-1BD6E6896F0,"yes Diego Lopes,yes Alex Pereira,yes Ilia Topuria,yes Mexico,yes Canada,yes USA",unknown,2026-06-08T02:06:25Z,2026-06-29T00:00:00Z,2026-06-29T00:00:00Z,active,,,,0.0,0.0,,,kalshi_api,2026-06-08T02:06:58.932659+00:00
kalshi,KXMVECROSSCATEGORY-S2026DF6297F715F-31EEF03AECF,"no Michael Busch: 1+,no Casey Schmitt: 1+,yes Drew Gilbert: 1+,no Willy Adames: 1+",unknown,2026-06-08T02:06:25Z,2026-06-11T00:30:00Z,2026-06-11T00:30:00Z,active,,,,0.0,0.0,,,kalshi_api,2026-06-08T02:06:58.932659+00:00
kalshi,KXMVESPORTSMULTIGAMEEXTENDED-S20267C89D1FC5F2-14FC7F8B696,"yes Connecticut,yes Las Vegas,yes Atlanta,yes Minnesota",unknown,2026-06-08T02:06:25Z,2026-06-22T23:00:00Z,2026-06-22T23:00:00Z,active,,,,0.0,0.0,,,kalshi_api,2026-06-08T02:06:58.932659+00:00
kalshi,KXMVECROSSCATEGORY-S202688177F213AD-3D53F5FE20E,"yes Over 3.5 runs scored,yes New York,yes Over 201.5 points scored",unknown,2026-06-08T02:06:25Z,2026-06-11T00:30:00Z,2026-06-11T00:30:00Z,active,,,,0.0,0.0,,,kalshi_api,2026-06-08T02:06:58.932659+00:00
kalshi,KXMVESPORTSMULTIGAMEEXTENDED-S202610C63DDFA05-EEA32C628A4,"yes Seattle,yes Boston,yes Cleveland,yes Philadelphia,yes Houston,yes San Diego,yes San Francisco,yes A's,yes Jalen Brunson: 20+,yes Karl-Anthony Towns: 15+,yes Dylan Harper: 10+,yes Victor Wembanyama: 20+,yes VGK Golden Knights",unknown,2026-06-08T02:06:25Z,2026-06-11T22:35:00Z,2026-06-11T22:35:00Z,active,,,,0.0,0.0,,,kalshi_api,2026-06-08T02:06:58.932659+00:00
kalshi,KXMVESPORTSMULTIGAMEEXTENDED-S2026B101208F4EB-358C95345D7,"yes Colombia,yes Mexico,yes Brazil,yes USA,yes Ecuador,yes Spain",unknown,2026-06-08T02:06:25Z,2026-07-02T02:00:00Z,2026-07-02T02:00:00Z,active,,,,0.0,0.0,,,kalshi_api,2026-06-08T02:06:58.932659+00:00
kalshi,KXMVESPORTSMULTIGAMEEXTENDED-S2026AC275CDFA5D-9B17FBB0D19,"yes Korea Republic,yes South Africa,yes Canada,yes USA,yes Brazil,yes Turkiye,yes Ecuador,yes Belgium,yes Uruguay",unknown,2026-06-08T02:06:25Z,2026-06-26T02:00:00Z,2026-06-26T02:00:00Z,active,,,,0.0,0.0,,,kalshi_api,2026-06-08T02:06:58.932659+00:00
kalshi,KXMVESPORTSMULTIGAMEEXTENDED-S20263968F4B4736-E3EE0B65079,"yes San Antonio,yes Over 210.5 points scored,yes Korea Republic,yes Mexico,yes Canada,yes USA,yes Brazil,yes Scotland,yes Switzerland,yes Turkiye,yes Ecuador,yes Germany,yes Netherlands,yes Sweden,yes Spain",unknown,2026-06-08T02:06:25Z,2026-06-23T00:30:00Z,2026-06-23T00:30:00Z,active,,,,0.0,0.0,,,kalshi_api,2026-06-08T02:06:58.932659+00:00
kalshi,KXMVESPORTSMULTIGAMEEXTENDED-S202634947378282-7A9ED1AF057,"yes Target Price: $63,152.40,yes $63,000 or above,yes Target Price: $0.0856022,yes Target Price: $1,684.78,yes $1,670 or above,yes Target Price: $66.0847,yes Target Price: $1.1557",unknown,2026-06-08T02:06:25Z,2026-06-08T02:15:00Z,2026-06-08T02:15:00Z,active,,,,0.0,0.0,,,kalshi_api,2026-06-08T02:06:58.932659+00:00
kalshi,KXMVESPORTSMULTIGAMEEXTENDED-S202640454A5F4DC-C6D67DDDF1E,"yes Victor Wembanyama: 25+,yes Josh Hart: 1+,yes New York,yes Las Vegas",unknown,2026-06-08T02:06:24Z,2026-06-23T00:30:00Z,2026-06-23T00:30:00Z,active,,,,0.0,0.0,,,kalshi_api,2026-06-08T02:06:58.932659+00:00
kalshi,KXMVESPORTSMULTIGAMEEXTENDED-S20263C06C659D9C-3B15FE44B5D,"yes Karl-Anthony Towns: 4+,yes Karl-Anthony Towns: 20+,yes New York wins by over 2.5 points",unknown,2026-06-08T02:06:24Z,2026-06-23T00:30:00Z,2026-06-23T00:30:00Z,active,,,,0.0,0.0,,,kalshi_api,2026-06-08T02:06:58.932659+00:00
kalshi,KXMVESPORTSMULTIGAMEEXTENDED-S20262442F9B7618-F0BFEA2D875,"yes Philadelphia,yes Houston,yes San Francisco,yes Milwaukee,no Over 8.5 runs scored,yes Over 7.5 runs scored,yes Over 6.5 runs scored,yes Over 7.5 runs scored",unknown,2026-06-08T02:06:24Z,2026-06-11T23:07:00Z,2026-06-11T23:07:00Z,active,,,,0.0,0.0,,,kalshi_api,2026-06-08T02:06:58.932659+00:00
kalshi,KXMVESPORTSMULTIGAMEEXTENDED-S202656CB3A046A0-523B5AA1E26,"no Carson Kelly: 1+,no Jung Hoo Lee: 1+,no Over 5.5 runs scored",unknown,2026-06-08T02:06:24Z,2026-06-11T00:30:00Z,2026-06-11T00:30:00Z,active,,,,0.0,0.0,,,kalshi_api,2026-06-08T02:06:58.932659+00:00
polymarket,0x1fad72fae204143ff1c3035e99e7c0f65ea8d5cd9bd1070987bd1a3316f772be,New Rihanna Album before GTA VI?,unknown,2025-05-02T15:48:10.582Z,2026-07-31T12:00:00Z,,active,,,new-rhianna-album-before-gta-vi-926,820562.3933710032,20585.41,0.515,0.485,polymarket_gamma_api,2026-06-08T02:06:59.296292+00:00
polymarket,0x50ddb9cd80d5c271664a2ebb7fcaed1d0a148d82c8e8d314d830f75a944c3dcc,New Playboi Carti Album before GTA VI?,unknown,2025-05-02T15:48:10.837Z,2026-07-31T12:00:00Z,,active,,,new-playboi-carti-album-before-gta-vi-421,739097.4833839468,11211.5714,0.525,0.475,polymarket_gamma_api,2026-06-08T02:06:59.296292+00:00
polymarket,0x32b09f6390252b37d674501527e709016d55581b2c1e544bd4b8167f5f732f4c,Will Jesus Christ return before GTA VI?,unknown,2025-05-02T15:48:16.854Z,2026-07-31T12:00:00Z,,active,,,will-jesus-christ-return-before-gta-vi-665,11548804.35882975,482102.4986,0.495,0.505,polymarket_gamma_api,2026-06-08T02:06:59.296292+00:00
polymarket,0x84f8b70331323c2fba97d7ceaa9a35fb645a0770d0dbff169d07f24f376766e9,Trump out as President before GTA VI?,unknown,2025-05-02T15:48:17.107Z,2026-07-31T12:00:00Z,,active,,,trump-out-as-president-before-gta-vi-846,663752.3064570074,28159.0342,0.505,0.495,polymarket_gamma_api,2026-06-08T02:06:59.296292+00:00
polymarket,0x7b49b9bacb5f435bc10f3b100ff59e2fdd346f7f92a9001881bc9825a0af0f11,Will China invades Taiwan before GTA VI?,unknown,2025-05-02T15:48:16.6Z,2026-07-31T12:00:00Z,,active,,,will-china-invades-taiwan-before-gta-vi-716-644,1861137.2614490632,20986.7988,0.505,0.495,polymarket_gamma_api,2026-06-08T02:06:59.296292+00:00
polymarket,0xbb57ccf5853a85487bc3d83d04d669310d28c6c810758953b9d9b91d1aee89d2,Will bitcoin hit $1m before GTA VI?,unknown,2025-05-02T15:48:17.361Z,2026-07-31T12:00:00Z,,active,,,will-bitcoin-hit-1m-before-gta-vi-872-424,4455605.399449511,117506.5499,0.4925,0.5075,polymarket_gamma_api,2026-06-08T02:06:59.296292+00:00
polymarket,0xf398b0e5016eeaee9b0885ed84012b6dc91269ac10d3b59d60722859c2e30b2f,Will Harvey Weinstein be sentenced to no prison time?,unknown,2025-05-12T22:50:41.123Z,2025-12-31T12:00:00Z,,active,,,will-harvey-weinstein-be-sentenced-to-no-prison-time,373648.8326690018,1740.80153,0.8015,0.1985,polymarket_gamma_api,2026-06-08T02:06:59.296292+00:00
polymarket,0xe2b48e3b44de9658ee9c8b37354301763e33c0b502fd966839d644b4c0a9dea8,Will Harvey Weinstein be sentenced to less than 5 years in prison?,unknown,2025-05-12T22:50:42.117Z,2025-12-31T12:00:00Z,,active,,,will-harvey-weinstein-be-sentenced-to-less-than-5-years-in-prison,139579.95109000028,4112.78249,0.022,0.978,polymarket_gamma_api,2026-06-08T02:06:59.296292+00:00
polymarket,0x3209617364a0d598435806b59d0d056b606022dc9028c466ad7912df94fc170c,Will Harvey Weinstein be sentenced to between 5 and 10 years in prison?,unknown,2025-05-12T22:50:42.625Z,2025-12-31T12:00:00Z,,active,,,will-harvey-weinstein-be-sentenced-to-between-5-and-10-years-in-prison,89125.69677000059,3662.49764,0.0055,0.9945,polymarket_gamma_api,2026-06-08T02:06:59.296292+00:00
polymarket,0x3d495a3e05eaffe438bb1c2ab97ed57a79b0a6ab18a2ca6fa5b448e20ce70082,Will Harvey Weinstein be sentenced to between 10 and 20 years in prison?,unknown,2025-05-12T22:50:42.371Z,2025-12-31T12:00:00Z,,active,,,will-harvey-weinstein-be-sentenced-to-between-10-and-20-years-in-prison,169525.21254499946,3773.57675,0.022,0.978,polymarket_gamma_api,2026-06-08T02:06:59.296292+00:00
polymarket,0xdee5db5410b362783a1405b66b9aa08a7d050ae1f99e8da85b9d1ae7962dad3b,Will Harvey Weinstein be sentenced to between 20 and 30 years in prison?,unknown,2025-05-12T22:50:48.281Z,2025-12-31T12:00:00Z,,active,,,will-harvey-weinstein-be-sentenced-to-between-20-and-30-years-in-prison,212557.68926399972,4165.24017,0.0605,0.9395,polymarket_gamma_api,2026-06-08T02:06:59.296292+00:00
polymarket,0x2499928ffbe6022444543dcd940075259cecb5e41e346284b578cb64e1404d32,Will Harvey Weinstein be sentenced to more than 30 years in prison?,unknown,2025-05-12T22:50:48.535Z,2025-12-31T12:00:00Z,,active,,,will-harvey-weinstein-be-sentenced-to-more-than-30-years-in-prison,85172.31271599997,3903.45057,0.0045,0.9955,polymarket_gamma_api,2026-06-08T02:06:59.296292+00:00
polymarket,0xf7b5491e70b477d451afe7d9c1fde4bf1a927e69ff289d294b96df164f6c10f0,Will the Carolina Hurricanes win the 2026 NHL Stanley Cup?,unknown,2025-06-23T16:00:27.271901Z,2026-06-30T00:00:00Z,,active,,,will-the-carolina-hurricanes-win-the-2026-nhl-stanley-cup,1776485.4803910102,170484.1797,0.365,0.635,polymarket_gamma_api,2026-06-08T02:06:59.296292+00:00
polymarket,0x89389a6b1439856a8d366234c795d72865c927a1aa3cf9d4cc04a3a400defde1,Will the Vegas Golden Knights win the 2026 NHL Stanley Cup?,unknown,2025-06-23T16:00:33.045642Z,2026-06-30T00:00:00Z,,active,,,will-the-vegas-golden-knights-win-the-2026-nhl-stanley-cup,3082110.6440269947,169602.11246,0.6295,0.3705,polymarket_gamma_api,2026-06-08T02:06:59.296292+00:00
polymarket,0x713641f745d71f6ec61f906237ffca3c8583f251e49384429a63ceb0ccdb2d37,Will the New York Knicks win the 2026 NBA Finals?,unknown,2025-06-23T16:02:01.572Z,2026-07-01T00:00:00Z,,active,,,will-the-new-york-knicks-win-the-2026-nba-finals,23863313.856946297,217076.02335,0.785,0.215,polymarket_gamma_api,2026-06-08T02:06:59.296292+00:00
polymarket,0xb6b3d7a2037b3faa7e1306d741840d453432902d73cc9a146a035e40271eae73,Will the San Antonio Spurs win the 2026 NBA Finals?,unknown,2025-06-23T16:02:23.789333Z,2026-07-01T00:00:00Z,,active,,,will-the-san-antonio-spurs-win-the-2026-nba-finals,37637098.97231297,310224.20988,0.2175,0.7825,polymarket_gamma_api,2026-06-08T02:06:59.296292+00:00
polymarket,0xe459d1b598da754c9fd5fc155b6efe3a144aa80abbc7d041fce7d35d903d3c8e,Will MegaETH perform an airdrop by June 30? ,unknown,2025-06-26T19:51:03.475Z,2026-07-01T04:00:00Z,,active,,,will-megaeth-perform-an-airdrop-by-june-30-143-229-513-574-212-254,1571284.3669489936,7291.39894,0.125,0.875,polymarket_gamma_api,2026-06-08T02:06:59.296292+00:00
polymarket,0x7976b8dbacf9077eb1453a62bcefd6ab2df199acd28aad276ff0d920d6992892,Will Spain win the 2026 FIFA World Cup?,unknown,2025-07-02T22:26:48.104Z,2026-07-20T00:00:00Z,,active,,,will-spain-win-the-2026-fifa-world-cup-963,31291199.43663387,1266872.99476,0.1615,0.8385,polymarket_gamma_api,2026-06-08T02:06:59.296292+00:00
polymarket,0x375409bc5eeeff961e82b479caeccc20f33d15738e5bce1186d628aa3d9dfb1f,Will England win the 2026 FIFA World Cup?,unknown,2025-07-02T22:26:52.326Z,2026-07-20T00:00:00Z,,active,,,will-england-win-the-2026-fifa-world-cup-937,27083998.46536495,1785895.93426,0.1105,0.8895,polymarket_gamma_api,2026-06-08T02:06:59.296292+00:00
polymarket,0x9b6fef249040fd17e9c107955b37ac2c3e923509b6b0ff01cc463a331ddeb894,Will France win the 2026 FIFA World Cup?,unknown,2025-07-02T22:26:52.583Z,2026-07-20T00:00:00Z,,active,,,will-france-win-the-2026-fifa-world-cup-924,38601854.24083217,1190920.08192,0.1615,0.8385,polymarket_gamma_api,2026-06-08T02:06:59.296292+00:00
polymarket,0x30d55d8124ee1e12dabe89201badc45669b81dff69e4ce44d961f32878ec178a,Will Brazil win the 2026 FIFA World Cup?,unknown,2025-07-02T22:26:52.84Z,2026-07-20T00:00:00Z,,active,,,will-brazil-win-the-2026-fifa-world-cup-183,28827544.12048554,1737618.55345,0.0835,0.9165,polymarket_gamma_api,2026-06-08T02:06:59.296292+00:00
polymarket,0x0c4cd2055d6ea89354ffddc55d6dbcef9355748112ea952fc925f3db6a5c457f,Will Argentina win the 2026 FIFA World Cup?,unknown,2025-07-02T22:26:52.071Z,2026-07-20T00:00:00Z,,active,,,will-argentina-win-the-2026-fifa-world-cup-245,27928745.469330005,1752455.94339,0.0885,0.9115,polymarket_gamma_api,2026-06-08T02:06:59.296292+00:00
polymarket,0x1595b4818eeb1ea1e0bec5de6f057218e557feee9b405a0e930d290384fa1d16,Will Germany win the 2026 FIFA World Cup?,unknown,2025-07-02T22:26:57.855Z,2026-07-20T00:00:00Z,,active,,,will-germany-win-the-2026-fifa-world-cup-467,29563778.082195953,1426752.5942,0.0545,0.9455,polymarket_gamma_api,2026-06-08T02:06:59.296292+00:00
polymarket,0x4f3421fb2daf5cca7430ed8d8132463963081572d75434393a1808fdb8829fe8,Will Portugal win the 2026 FIFA World Cup?,unknown,2025-07-02T22:26:58.618Z,2026-07-20T00:00:00Z,,active,,,will-portugal-win-the-2026-fifa-world-cup-912,32855542.407879468,680845.6977,0.0975,0.9025,polymarket_gamma_api,2026-06-08T02:06:59.296292+00:00
polymarket,0x9be56371f6a29d12769b2f196847ee825b9585ebb8bfa042136be031b081eba1,Will Netherlands win the 2026 FIFA World Cup?,unknown,2025-07-02T22:26:58.109Z,2026-07-20T00:00:00Z,,active,,,will-netherlands-win-the-2026-fifa-world-cup-739,32243726.117398888,1628451.92992,0.0395,0.9605,polymarket_gamma_api,2026-06-08T02:06:59.296292+00:00
polymarket,0xcdb1f0400949238a63d3e88243d2ada08cd9c2a71985ced9f0cfd5e66354cf90,Will USA win the 2026 FIFA World Cup?,unknown,2025-07-02T22:27:00.955Z,2026-07-20T00:00:00Z,,active,,,will-usa-win-the-2026-fifa-world-cup-467,48084582.66324614,6356813.84035,0.0115,0.9885,polymarket_gamma_api,2026-06-08T02:06:59.296292+00:00
polymarket,0x7876851632c295043c66536150a304cb785abdf712ba8489d298c6e6926be106,Will Uruguay win the 2026 FIFA World Cup?,unknown,2025-07-02T22:27:01.463Z,2026-07-20T00:00:00Z,,active,,,will-uruguay-win-the-2026-fifa-world-cup-932,30539861.765945032,9497417.24214,0.0105,0.9895,polymarket_gamma_api,2026-06-08T02:06:59.296292+00:00
polymarket,0x5ccfe1b69a582d2985db08a8481a0d74c314b1fce9b4711ae2efb2c6467fe6aa,Will Mexico win the 2026 FIFA World Cup?,unknown,2025-07-02T22:27:01.209Z,2026-07-20T00:00:00Z,,active,,,will-mexico-win-the-2026-fifa-world-cup-529,37225586.88629642,1857293.34129,0.0145,0.9855,polymarket_gamma_api,2026-06-08T02:06:59.296292+00:00
polymarket,0x32cfa52198e85e070d1b17d1b53c5c3a6aaae7736cdc33fa6aa04d353f0c2811,Will Belgium win the 2026 FIFA World Cup?,unknown,2025-07-02T22:27:08.513Z,2026-07-20T00:00:00Z,,active,,,will-belgium-win-the-2026-fifa-world-cup-358,32189357.006161455,2758480.74501,0.0205,0.9795,polymarket_gamma_api,2026-06-08T02:06:59.296292+00:00
polymarket,0xe99cc59f32b10d23acf196d1a0e8264ea30fca198428acadd3464b06ff60e771,Will Colombia win the 2026 FIFA World Cup?,unknown,2025-07-02T22:27:07.752Z,2026-07-20T00:00:00Z,,active,,,will-colombia-win-the-2026-fifa-world-cup-734,31562118.887316015,4857318.81484,0.0185,0.9815,polymarket_gamma_api,2026-06-08T02:06:59.296292+00:00
polymarket,0x0189df05ed7bf84d799213b01a79571e305c03b2ac5359cfbb3a323448ba20fa,Will Japan win the 2026 FIFA World Cup?,unknown,2025-07-02T22:27:08.006Z,2026-07-20T00:00:00Z,,active,,,will-japan-win-the-2026-fifa-world-cup-112,34550087.30880043,732749.84532,0.0195,0.9805,polymarket_gamma_api,2026-06-08T02:06:59.296292+00:00
polymarket,0x7b52405ad0e0d31bfe970940b67d77f24ecedeab8a2361c11148c02a006e325c,Will Norway win the 2026 FIFA World Cup?,unknown,2025-07-02T22:27:12.778Z,2026-07-20T00:00:00Z,,active,,,will-norway-win-the-2026-fifa-world-cup-893,33038050.82478038,1744220.52123,0.0255,0.9745,polymarket_gamma_api,2026-06-08T02:06:59.296292+00:00
polymarket,0x67443cb1ffb2bf180f7df5b6ca7adff63f7e8e933c7e41405ba118f3e9f8befb,Will Canada win the 2026 FIFA World Cup?,unknown,2025-07-02T22:27:13.031Z,2026-07-20T00:00:00Z,,active,,,will-canada-win-the-2026-fifa-world-cup-755,35765805.60711799,10659083.29509,0.0035,0.9965,polymarket_gamma_api,2026-06-08T02:06:59.296292+00:00
polymarket,0xff0cfa9506cfa95759e4c7591654195bd26e3011f9882b51439135e04f2b69f1,Will Tunisia win the 2026 FIFA World Cup?,unknown,2025-07-02T22:27:12.017Z,2026-07-20T00:00:00Z,,active,,,will-tunisia-win-the-2026-fifa-world-cup-165,31270132.933686018,13535797.20125,0.0005,0.9995,polymarket_gamma_api,2026-06-08T02:06:59.296292+00:00
polymarket,0xbaf7780f9059e34b84301fd411f8dc573b4d56adfe6e0cda33daf304b1438da4,Will Ecuador win the 2026 FIFA World Cup?,unknown,2025-07-02T22:27:12.271Z,2026-07-20T00:00:00Z,,active,,,will-ecuador-win-the-2026-fifa-world-cup-986,37355540.31935248,4996809.16745,0.0085,0.9915,polymarket_gamma_api,2026-06-08T02:06:59.296292+00:00
polymarket,0x675bba4df50fd123f7fbfbafa67e9b75f4092d85ce0f9148ce78fc945964c856,Will Paraguay win the 2026 FIFA World Cup?,unknown,2025-07-02T22:27:17.403Z,2026-07-20T00:00:00Z,,active,,,will-paraguay-win-the-2026-fifa-world-cup-967,31216450.63352062,10041849.51736,0.0025,0.9975,polymarket_gamma_api,2026-06-08T02:06:59.296292+00:00
polymarket,0x9e5f9d8c384f8fe368b195fa9a780be58643dff7360588a4e577012df8af00a7,Will New Zealand win the 2026 FIFA World Cup?,unknown,2025-07-02T22:27:17.147Z,2026-07-20T00:00:00Z,,active,,,will-new-zealand-win-the-2026-fifa-world-cup-635,45072871.8126452,13744388.54618,0.0005,0.9995,polymarket_gamma_api,2026-06-08T02:06:59.296292+00:00
polymarket,0x098e2be3df8ab529940c567819f8ef007cf007820e9d627642a5bbfaa42af372,Will Australia win the 2026 FIFA World Cup?,unknown,2025-07-02T22:27:17.913Z,2026-07-20T00:00:00Z,,active,,,will-australia-win-the-2026-fifa-world-cup-816,42701384.23856781,12965528.41603,0.0015,0.9985,polymarket_gamma_api,2026-06-08T02:06:59.296292+00:00
polymarket,0x84edef36bded182da6a395ac6c785dba8f3e09b6c5ad041385b2042536cbef25,Will Iran win the 2026 FIFA World Cup?,unknown,2025-07-02T22:27:17.657Z,2026-07-20T00:00:00Z,,active,,,will-iran-win-the-2026-fifa-world-cup-788,38708818.70879,8601943.67645,0.0015,0.9985,polymarket_gamma_api,2026-06-08T02:06:59.296292+00:00
polymarket,0x965ebc5d79eb1ec02cad67245a44b9e45b33359018f013fb6cf81d5bbf7bcc8d,Will Uzbekistan win the 2026 FIFA World Cup?,unknown,2025-07-02T22:27:23.588Z,2026-07-20T00:00:00Z,,active,,,will-uzbekistan-win-the-2026-fifa-world-cup-773,57010178.35841757,10426688.03184,0.0005,0.9995,polymarket_gamma_api,2026-06-08T02:06:59.296292+00:00
polymarket,0x65307f30dce84ac35e41813035d3c04933da830dc4efbbb2fcdc4b282700ef3b,Will South Korea win the 2026 FIFA World Cup?,unknown,2025-07-02T22:27:23.333Z,2026-07-20T00:00:00Z,,active,,,will-south-korea-win-the-2026-fifa-world-cup-485,40947708.62849769,3860805.76333,0.0035,0.9965,polymarket_gamma_api,2026-06-08T02:06:59.296292+00:00
polymarket,0x33a87d02fa01e958929385c74b8627d32cc4474e9ebd312d268865c5207147fa,Will Jordan win the 2026 FIFA World Cup?,unknown,2025-07-02T22:27:22.314Z,2026-07-20T00:00:00Z,,active,,,will-jordan-win-the-2026-fifa-world-cup-233,30722973.65188277,14098482.58513,0.0005,0.9995,polymarket_gamma_api,2026-06-08T02:06:59.296292+00:00
polymarket,0x37a6de1b21803e5f3fb1965116218215d79963af4f7e51659696366267a63a03,Will Morocco win the 2026 FIFA World Cup?,unknown,2025-07-02T22:27:22.568Z,2026-07-20T00:00:00Z,,active,,,will-morocco-win-the-2026-fifa-world-cup-464,38696997.58541548,754790.0438,0.0225,0.9775,polymarket_gamma_api,2026-06-08T02:06:59.296292+00:00
polymarket,0x233ce0c3969a5cd5079287f16fcd283be7c1db82263e08697f85dbe1b4d2113c,Will South Africa win the 2026 FIFA World Cup?,unknown,2025-07-02T22:27:22.823Z,2026-07-20T00:00:00Z,,active,,,will-south-africa-win-the-2026-fifa-world-cup,35174467.39789426,10157880.27013,0.0005,0.9995,polymarket_gamma_api,2026-06-08T02:06:59.296292+00:00
polymarket,0x6972edb1b3f8cd8192651a665fc424dff846efe1c4a2376f628d4b20c704144c,Will Senegal win the 2026 FIFA World Cup?,unknown,2025-07-02T22:27:23.078Z,2026-07-20T00:00:00Z,,active,,,will-senegal-win-the-2026-fifa-world-cup,31976383.067172825,5472921.37084,0.0065,0.9935,polymarket_gamma_api,2026-06-08T02:06:59.296292+00:00
polymarket,0x289568d555ec620ed6fa33c936c5f42649d3a2e30748a1daf7079f42453fbea4,Will Ivory Coast win the 2026 FIFA World Cup?,unknown,2025-07-02T22:27:22.059Z,2026-07-20T00:00:00Z,,active,,,will-ivory-coast-win-the-2026-fifa-world-cup,48101127.66312449,4555206.56057,0.0045,0.9955,polymarket_gamma_api,2026-06-08T02:06:59.296292+00:00
polymarket,0x881a3ffa618b6ae0ab95a5637e310afb1afc2d99c921bfe3235b15eccfce0344,Will Ghana win the 2026 FIFA World Cup?,unknown,2025-07-02T22:27:23.843Z,2026-07-20T00:00:00Z,,active,,,will-ghana-win-the-2026-fifa-world-cup,31845516.605441835,13074714.55844,0.0015,0.9985,polymarket_gamma_api,2026-06-08T02:06:59.296292+00:00
polymarket,0x7412d284c8f63791fec807f9b1f61c6fe61163621775a3dc8686cd2575272abe,Will Egypt win the 2026 FIFA World Cup?,unknown,2025-07-02T22:27:27.82Z,2026-07-20T00:00:00Z,,active,,,will-egypt-win-the-2026-fifa-world-cup,41419563.18525625,8368215.7789,0.0025,0.9975,polymarket_gamma_api,2026-06-08T02:06:59.296292+00:00
polymarket,0x5a59d269c2b5108cd2f64c624e46ee2c8b5cfd88b882582565f927918315b6aa,Will Algeria win the 2026 FIFA World Cup?,unknown,2025-07-02T22:27:27.012Z,2026-07-20T00:00:00Z,,active,,,will-algeria-win-the-2026-fifa-world-cup,35378067.84321557,8880765.00851,0.0015,0.9985,polymarket_gamma_api,2026-06-08T02:06:59.296292+00:00
polymarket,0x3bc69cb672591e4fcd2ef856b64b219a906e15d4601b50066ac81a446574dfaf,Will Cape Verde win the 2026 FIFA World Cup?,unknown,2025-07-02T22:27:26.757Z,2026-07-20T00:00:00Z,,active,,,will-cape-verde-win-the-2026-fifa-world-cup,39598324.03716404,13059472.69537,0.0005,0.9995,polymarket_gamma_api,2026-06-08T02:06:59.296292+00:00
polymarket,0x4fe305a2ae995a52ff278895344895fe587b4fec3d5f04347b4dbf5e99bce99c,Will Qatar win the 2026 FIFA World Cup?,unknown,2025-07-02T22:27:31.656Z,2026-07-20T00:00:00Z,,active,,,will-qatar-win-the-2026-fifa-world-cup,40829909.60833187,13260301.96698,0.0005,0.9995,polymarket_gamma_api,2026-06-08T02:06:59.296292+00:00
polymarket,0x3fb8a8de2ac275882d72b2c4f22d41776fcf033f9e413a77a84dd395c0d5257c,Will Saudi Arabia win the 2026 FIFA World Cup?,unknown,2025-07-02T22:27:30.886Z,2026-07-20T00:00:00Z,,active,,,will-saudi-arabia-win-the-2026-fifa-world-cup,44049805.292883724,11337919.38277,0.0005,0.9995,polymarket_gamma_api,2026-06-08T02:06:59.296292+00:00
polymarket,0xf950740bc71136155d6525cc0528a582c81f88812bff227803190c32ca25f54d,Will Scotland win the 2026 FIFA World Cup?,unknown,2025-07-02T22:27:31.143Z,2026-07-20T00:00:00Z,,active,,,will-scotland-win-the-2026-fifa-world-cup,36868841.3399078,10538806.81027,0.0025,0.9975,polymarket_gamma_api,2026-06-08T02:06:59.296292+00:00
polymarket,0x3a26ca6425e2d98f14935670bc22cdb0744defc6f6d83c65f8c413a921c5c70c,Will Switzerland win the 2026 FIFA World Cup?,unknown,2025-07-02T22:27:31.4Z,2026-07-20T00:00:00Z,,active,,,will-switzerland-win-the-2026-fifa-world-cup,31508919.21144661,2620385.43821,0.0115,0.9885,polymarket_gamma_api,2026-06-08T02:06:59.296292+00:00
polymarket,0xfe230d510eaf545198c0d62bb17871e5fe8989f1b19aa54c0c062b858360987c,Will Austria win the 2026 FIFA World Cup?,unknown,2025-07-02T22:27:42.199Z,2026-07-20T00:00:00Z,,active,,,will-austria-win-the-2026-fifa-world-cup,35487853.741057426,5282425.48614,0.0045,0.9955,polymarket_gamma_api,2026-06-08T02:06:59.296292+00:00
polymarket,0xe5bd80313b8859e3f5761568ac9498866ea9d4419e4d1b6a877a9a9bd2754cb4,Will Croatia win the 2026 FIFA World Cup?,unknown,2025-07-02T22:27:43.058Z,2026-07-20T00:00:00Z,,active,,,will-croatia-win-the-2026-fifa-world-cup,39954301.959368154,1817502.59322,0.0095,0.9905,polymarket_gamma_api,2026-06-08T02:06:59.296292+00:00
polymarket,0x506f80bcf76bc75e6b31a250e2d754f347c4c231665326931d58bdb339ba1913,Will Haiti win the 2026 FIFA World Cup?,unknown,2025-07-02T22:27:41.944Z,2026-07-20T00:00:00Z,,active,,,will-haiti-win-the-2026-fifa-world-cup,31760285.26182009,13338146.86369,0.0005,0.9995,polymarket_gamma_api,2026-06-08T02:06:59.296292+00:00
polymarket,0xdb4b2f370c3d0e996fbb32213c87aa5402936e3d4882432b6738e2f5661b79a6,Will Curaçao win the 2026 FIFA World Cup?,unknown,2025-07-02T22:27:41.688Z,2026-07-20T00:00:00Z,,active,,,will-curaao-win-the-2026-fifa-world-cup,40776659.08691622,13849454.75153,0.0005,0.9995,polymarket_gamma_api,2026-06-08T02:06:59.296292+00:00
polymarket,0x9779c09fd4dd0a1c82dd82618269c2aa5669d91305293b396d1e0b8a166b566e,Will Panama win the 2026 FIFA World Cup?,unknown,2025-07-02T22:27:41.433Z,2026-07-20T00:00:00Z,,active,,,will-team-z-win-the-2026-fifa-world-cup-316,18556717.44575688,13918279.60242,0.0005,0.9995,polymarket_gamma_api,2026-06-08T02:06:59.296292+00:00
polymarket,0xd0dbdc94b28c5cffeef64ed6b13e5f0f2324fb177e5ffaa634b48c88fe18d5e7,Will Sweden win the 2026 FIFA World Cup?,unknown,2025-07-02T22:27:41.179Z,2026-07-20T00:00:00Z,,active,,,will-sweden-win-the-2026-fifa-world-cup,22125257.573303185,9344932.97713,0.0045,0.9955,polymarket_gamma_api,2026-06-08T02:06:59.296292+00:00
polymarket,0xcd836ec4d94b8a4ddc5713d80fe9db245d2fb4796eaf12337974da1b4e96100d,Will Congo DR win the 2026 FIFA World Cup?,unknown,2025-07-02T22:27:46.901Z,2026-07-20T00:00:00Z,,active,,,will-congo-dr-win-the-2026-fifa-world-cup,53658459.08240993,6759149.24277,0.0015,0.9985,polymarket_gamma_api,2026-06-08T02:06:59.296292+00:00
polymarket,0x51e8c8df709aa78f64d2d9324d9d2556270f81e3966ade308099e5338bb4e4c9,Will Iraq win the 2026 FIFA World Cup?,unknown,2025-07-02T22:27:47.156Z,2026-07-20T00:00:00Z,,active,,,will-iraq-win-the-2026-fifa-world-cup,27934918.902710937,14395612.48391,0.0005,0.9995,polymarket_gamma_api,2026-06-08T02:06:59.296292+00:00
polymarket,0xbce6698c9a61376c0709a2a724a9cf0dd0236d8dea882533073b6bb062efbee0,Will Bosnia-Herzegovina win the 2026 FIFA World Cup?,unknown,2025-07-02T22:27:47.665Z,2026-07-20T00:00:00Z,,active,,,will-bosnia-herzegovina-win-the-2026-fifa-world-cup,19301287.448717896,13505577.13963,0.0015,0.9985,polymarket_gamma_api,2026-06-08T02:06:59.296292+00:00
polymarket,0x5e614739363bbfc399469102c600e4e8260032d41e59e0bc12ebc0e71231642d,Will Czechia win the 2026 FIFA World Cup?,unknown,2025-07-02T22:27:47.41Z,2026-07-20T00:00:00Z,,active,,,will-czechia-win-the-2026-fifa-world-cup,18613845.03471205,10569936.43243,0.0025,0.9975,polymarket_gamma_api,2026-06-08T02:06:59.296292+00:00
polymarket,0x106ccc4508432a065a67394837d4c2c529a8d77ed69fa3ba90b81eedf5236598,Will Turkiye win the 2026 FIFA World Cup?,unknown,2025-07-02T22:27:52.991Z,2026-07-20T00:00:00Z,,active,,,will-turkiye-win-the-2026-fifa-world-cup,31258850.525896106,1101850.14887,0.0145,0.9855,polymarket_gamma_api,2026-06-08T02:06:59.296292+00:00
polymarket,0xa467b14d51f01b957109d9cbb1d6c124fab2a089d52ed8f471d23c2812e743b7,Xi Jinping out before 2027?,unknown,2025-07-03T20:37:00.228Z,2026-12-31T00:00:00Z,,active,,,xi-jinping-out-before-2027,9999931.888222868,158656.2864,0.0715,0.9285,polymarket_gamma_api,2026-06-08T02:06:59.296292+00:00
polymarket,0x0f49db97f71c68b1e42a6d16e3de93d85dbf7d4148e3f018eb79e88554be9f75,Will Gavin Newsom win the 2028 Democratic presidential nomination?,unknown,2025-07-11T18:35:56.805Z,2028-11-07T00:00:00Z,,active,,,will-gavin-newsom-win-the-2028-democratic-presidential-nomination-568,25740752.40681244,215762.66546,0.2515,0.7485,polymarket_gamma_api,2026-06-08T02:06:59.296292+00:00
polymarket,0xe6bcc2f1dd025ce5e1833190f7c60a71171c94f805df55b9ab0ded695ec93565,Will Alexandria Ocasio-Cortez win the 2028 Democratic presidential nomination?,unknown,2025-07-11T18:35:59.075Z,2028-11-07T00:00:00Z,,active,,,will-alexandria-ocasio-cortez-win-the-2028-democratic-presidential-nomination-653,13196403.205629176,281504.40292,0.0905,0.9095,polymarket_gamma_api,2026-06-08T02:06:59.296292+00:00
polymarket,0x4c325469d9b516ef4e6b8f73a81a12607dec075e3c2fd454f91765aaeafc4760,Will Pete Buttigieg win the 2028 Democratic presidential nomination?,unknown,2025-07-11T18:35:58.818Z,2028-11-07T00:00:00Z,,active,,,will-pete-buttigieg-win-the-2028-democratic-presidential-nomination-687,10960899.70311862,394320.49886,0.0445,0.9555,polymarket_gamma_api,2026-06-08T02:06:59.296292+00:00
polymarket,0xd65891729ce093cc12236856837eba1a0872fc7998fd4294c21346f7db68079c,Will Josh Shapiro win the 2028 Democratic presidential nomination?,unknown,2025-07-11T18:36:01.098Z,2028-11-07T00:00:00Z,,active,,,will-josh-shapiro-win-the-2028-democratic-presidential-nomination-977,8685659.70015519,399079.05723,0.0605,0.9395,polymarket_gamma_api,2026-06-08T02:06:59.296292+00:00
polymarket,0x61d9486c0f7e14ed98f3b177b6adcb3cd45646c92e8bbfbf209789b86472d4b6,Will Wes Moore win the 2028 Democratic presidential nomination?,unknown,2025-07-11T18:36:00.839Z,2028-11-07T00:00:00Z,,active,,,will-wes-moore-win-the-2028-democratic-presidential-nomination-714,16517551.600182971,514106.76501,0.0125,0.9875,polymarket_gamma_api,2026-06-08T02:06:59.296292+00:00
polymarket,0xc8f1cf5d4f26e0fd9c8fe89f2a7b3263b902cf14fde7bfccef525753bb492e47,Will Stephen A. Smith win the 2028 Democratic presidential nomination?,unknown,2025-07-11T18:36:02.893Z,2028-11-07T00:00:00Z,,active,,,will-stephen-a-smith-win-the-2028-democratic-presidential-nomination-914,20790630.456568226,969513.2139,0.0105,0.9895,polymarket_gamma_api,2026-06-08T02:06:59.296292+00:00
polymarket,0x909659c9436228e2be56d5582ba6188166f2f8bf3c596335512c8f2e380d01ec,Will Kamala Harris win the 2028 Democratic presidential nomination?,unknown,2025-07-11T18:36:03.15Z,2028-11-07T00:00:00Z,,active,,,will-kamala-harris-win-the-2028-democratic-presidential-nomination-641,12042948.94835995,283923.47902,0.0775,0.9225,polymarket_gamma_api,2026-06-08T02:06:59.296292+00:00
polymarket,0xe39adea057926dc197fe30a441f57a340b2a232d5a687010f78bba9b6e02620f,Will Gretchen Whitmer win the 2028 Democratic presidential nomination?,unknown,2025-07-11T18:36:05.047Z,2028-11-07T00:00:00Z,,active,,,will-gretchen-whitmer-win-the-2028-democratic-presidential-nomination-676,10183783.149788108,732909.12344,0.0095,0.9905,polymarket_gamma_api,2026-06-08T02:06:59.296292+00:00
polymarket,0x1d519b87999e3d4e90e1e8f57b5eee73a0ba488ff3fdb70867f294733aba84a9,Will Andy Beshear win the 2028 Democratic presidential nomination?,unknown,2025-07-11T18:36:04.79Z,2028-11-07T00:00:00Z,,active,,,will-andy-beshear-win-the-2028-democratic-presidential-nomination-832,12408551.587003896,399658.92283,0.0285,0.9715,polymarket_gamma_api,2026-06-08T02:06:59.296292+00:00
polymarket,0x74dba1ce1ae9dd535414e85f2d9ab5ea32c0fb1acc9b7130b67e6d91217e24e1,Will Jon Ossoff win the 2028 Democratic presidential nomination?,unknown,2025-07-11T18:36:06.838Z,2028-11-07T00:00:00Z,,active,,,will-jon-ossoff-win-the-2028-democratic-presidential-nomination-885,11484040.045933904,264460.48054,0.0655,0.9345,polymarket_gamma_api,2026-06-08T02:06:59.296292+00:00
polymarket,0x9d4f94f82de9d13ff1d3318639ab9000ee2533949e525343156f374fb00bd9b1,Will Mark Cuban win the 2028 Democratic presidential nomination?,unknown,2025-07-11T18:36:08.958Z,2028-11-07T00:00:00Z,,active,,,will-mark-cuban-win-the-2028-democratic-presidential-nomination-329,22042943.501424503,2015910.47671,0.0095,0.9905,polymarket_gamma_api,2026-06-08T02:06:59.296292+00:00
polymarket,0xe883f2fda25a605a184bb5fe583afce6cc21ea0b348b6a3728ec3067553c548d,Will J.B. Pritzker win the 2028 Democratic presidential nomination?,unknown,2025-07-11T18:36:09.214Z,2028-11-07T00:00:00Z,,active,,,will-jb-pritzker-win-the-2028-democratic-presidential-nomination-288,14468899.146008013,479003.79793,0.0165,0.9835,polymarket_gamma_api,2026-06-08T02:06:59.296292+00:00
polymarket,0xdce84960dce38aa4a5800a5eba7c9ac34d2ce49ba9d44c42572c472d468af264,Will Raphael Warnock win the 2028 Democratic presidential nomination?,unknown,2025-07-11T18:36:11.106Z,2028-11-07T00:00:00Z,,active,,,will-raphael-warnock-win-the-2028-democratic-presidential-nomination-914,30134674.543664217,2036130.19166,0.0075,0.9925,polymarket_gamma_api,2026-06-08T02:06:59.296292+00:00
polymarket,0x1970bcce75e3674660917ae4685b433a9b1e0152d810a8d7c346dfd5e00694c2,Will Cory Booker win the 2028 Democratic presidential nomination?,unknown,2025-07-11T18:36:10.848Z,2028-11-07T00:00:00Z,,active,,,will-corey-booker-win-the-2028-democratic-presidential-nomination-125,24527764.215913903,1936166.08017,0.0095,0.9905,polymarket_gamma_api,2026-06-08T02:06:59.296292+00:00
polymarket,0x3265b10daeb30dbcc3214bd02e488551d0a5d3028392f4152e4750b943fbfc91,Will Tim Walz win the 2028 Democratic presidential nomination?,unknown,2025-07-11T18:36:13.472Z,2028-11-07T00:00:00Z,,active,,,will-tim-walz-win-the-2028-democratic-presidential-nomination-475,41227974.253311194,2455518.37198,0.0065,0.9935,polymarket_gamma_api,2026-06-08T02:06:59.296292+00:00
polymarket,0x3e218c99a1335641b3a5ee6c887521d19b0c28fddd6b99c254a07968e35c0b1b,Will Michelle Obama win the 2028 Democratic presidential nomination?,unknown,2025-07-11T18:36:12.961Z,2028-11-07T00:00:00Z,,active,,,will-michelle-obama-win-the-2028-democratic-presidential-nomination-777,25477090.05790529,2081761.51249,0.0135,0.9865,polymarket_gamma_api,2026-06-08T02:06:59.296292+00:00
polymarket,0x36db77c539bcc8c7bf0686c1b99f30c5a5eed1f53d3b3a27a071550c81f83701,Will Mark Kelly win the 2028 Democratic presidential nomination?,unknown,2025-07-11T18:36:13.216Z,2028-11-07T00:00:00Z,,active,,,will-mark-kelly-win-the-2028-democratic-presidential-nomination-479,15854576.120015461,671371.15664,0.0195,0.9805,polymarket_gamma_api,2026-06-08T02:06:59.296292+00:00
polymarket,0x3dc47a72ac6bb265e9cefebd2a2eeed00966394cb2d07245b5c94138b60e82a3,Will Rahm Emanuel win the 2028 Democratic presidential nomination?,unknown,2025-07-11T18:36:13.728Z,2028-11-07T00:00:00Z,,active,,,will-rahm-emanuel-win-the-2028-democratic-presidential-nomination-299,13943511.010004975,771668.40954,0.0215,0.9785,polymarket_gamma_api,2026-06-08T02:06:59.296292+00:00
polymarket,0xcb239105ed21a2420ba4d85090b9bc32755c56601ffdc528afd17fd6282fe930,Will Gina Raimondo win the 2028 Democratic presidential nomination?,unknown,2025-07-11T18:36:14.926Z,2028-11-07T00:00:00Z,,active,,,will-gina-raimondo-win-the-2028-democratic-presidential-nomination-676,34497456.54983187,2422066.90247,0.0075,0.9925,polymarket_gamma_api,2026-06-08T02:06:59.296292+00:00
polymarket,0x3535fb2f4aef6619dde8b367cb5e5d209526bb496d5d9778428c58a0252435e3,Will Zohran Mamdani win the 2028 Democratic presidential nomination?,unknown,2025-07-11T18:36:16.021Z,2028-11-07T00:00:00Z,,active,,,will-zohran-mamdani-win-the-2028-democratic-presidential-nomination-445,37026200.83089443,2474818.61804,0.0075,0.9925,polymarket_gamma_api,2026-06-08T02:06:59.296292+00:00
polymarket,0x939eeb2dea216749bd409bedde483c3f2bfb0e24d4f2d34461c0b21c6e91f010,Will Roy Cooper win the 2028 Democratic presidential nomination?,unknown,2025-07-11T18:36:16.276Z,2028-11-07T00:00:00Z,,active,,,will-roy-cooper-win-the-2028-democratic-presidential-nomination-286,30606773.89242248,1524663.38051,0.0095,0.9905,polymarket_gamma_api,2026-06-08T02:06:59.296292+00:00
polymarket,0xca1d1139b0c3a29983407f499476ae642482788e841a277eb86faeeb9fa4a85c,Will John Fetterman win the 2028 Democratic presidential nomination?,unknown,2025-07-11T18:36:16.532Z,2028-11-07T00:00:00Z,,active,,,will-john-fetterman-win-the-2028-democratic-presidential-nomination-941,20306686.866121158,1546330.36037,0.0085,0.9915,polymarket_gamma_api,2026-06-08T02:06:59.296292+00:00
polymarket,0x8fbcb151e2c988df5a43abb02298014b7daf34c008f3eed9188dd16a2a19bec1,Will Jared Polis win the 2028 Democratic presidential nomination?,unknown,2025-07-11T18:36:18.32Z,2028-11-07T00:00:00Z,,active,,,will-jared-polis-win-the-2028-democratic-presidential-nomination-837,26065987.93544608,830009.85589,0.0075,0.9925,polymarket_gamma_api,2026-06-08T02:06:59.296292+00:00
polymarket,0xfee07be730188c94cd3644ed6f107fa3ea2dfab9989ce8d39aeeae064766abe3,Will Jon Stewart win the 2028 Democratic presidential nomination?,unknown,2025-07-11T18:36:18.064Z,2028-11-07T00:00:00Z,,active,,,will-jon-stewart-win-the-2028-democratic-presidential-nomination-518,23255568.623926055,1123193.20272,0.0165,0.9835,polymarket_gamma_api,2026-06-08T02:06:59.296292+00:00
polymarket,0x88d67705780a3d922317ecb0c78a947a306174d0510df2ae89394d5abfb28206,Will Barack Obama win the 2028 Democratic presidential nomination?,unknown,2025-07-11T18:36:22.421Z,2028-11-07T00:00:00Z,,active,,,will-barack-obama-win-the-2028-democratic-presidential-nomination-265,32666557.627961654,2284846.34023,0.0075,0.9925,polymarket_gamma_api,2026-06-08T02:06:59.296292+00:00
polymarket,0x663b88d3a8f2341bb8d878709dc78632bcaf7512e577bd15521e5d8ed933efbc,Will Hillary Clinton win the 2028 Democratic presidential nomination?,unknown,2025-07-11T18:36:22.165Z,2028-11-07T00:00:00Z,,active,,,will-hillary-clinton-win-the-2028-democratic-presidential-nomination,42539849.65752694,1640675.92594,0.0075,0.9925,polymarket_gamma_api,2026-06-08T02:06:59.296292+00:00
polymarket,0x46dbd48d6bde5b81edb480e0f676a2cdda6c6b592c4d86a9367c7ad5a9870195,Will Liz Cheney win the 2028 Democratic presidential nomination?,unknown,2025-07-11T18:36:22.676Z,2028-11-07T00:00:00Z,,active,,,will-liz-cheney-win-the-2028-democratic-presidential-nomination-551,37137772.47830793,2561098.86074,0.0075,0.9925,polymarket_gamma_api,2026-06-08T02:06:59.296292+00:00
polymarket,0x30cfb887558b20373a984da60c372fe5a90c0296aa6d8bb413a8aa7543846da2,Will Bernie Sanders win the 2028 Democratic presidential nomination?,unknown,2025-07-11T18:36:22.931Z,2028-11-07T00:00:00Z,,active,,,will-bernie-sanders-win-the-2028-democratic-presidential-nomination-879,50250909.636011474,1498208.76762,0.0075,0.9925,polymarket_gamma_api,2026-06-08T02:06:59.296292+00:00
polymarket,0x29283b56d3eec6d1d89fff51793d9d2e01579d2379b1d3e9ebda175d3561e809,Will Phil Murphy win the 2028 Democratic presidential nomination?,unknown,2025-07-11T18:36:27.287Z,2028-11-07T00:00:00Z,,active,,,will-phil-murphy-win-the-2028-democratic-presidential-nomination-611,40460787.605870865,2630545.78192,0.0065,0.9935,polymarket_gamma_api,2026-06-08T02:06:59.296292+00:00
polymarket,0x8b203037c7c0e21b500314f8398d2a8ea294b7ce1f4f9185f426425a3505bc45,Will LeBron James win the 2028 Democratic presidential nomination?,unknown,2025-07-11T18:36:26.228Z,2028-11-07T00:00:00Z,,active,,,will-lebron-james-win-the-2028-democratic-presidential-nomination,42121068.29148284,2824831.26844,0.0075,0.9925,polymarket_gamma_api,2026-06-08T02:06:59.296292+00:00
polymarket,0x1945a8b23e313ed7423b6b6fd556f9ab5578900376b565a61dc480a5f4f35d21,Will Hunter Biden win the 2028 Democratic presidential nomination?,unknown,2025-07-11T18:36:28.342Z,2028-11-07T00:00:00Z,,active,,,will-person-a-win-the-2028-democratic-presidential-nomination,40217942.07019574,862326.27659,0.0185,0.9815,polymarket_gamma_api,2026-06-08T02:06:59.296292+00:00
polymarket,0x822e61527476cabf98927e3aad385c5ecdae7086f945535f2c1fd9ae8dbfa46e,Will George Clooney win the 2028 Democratic presidential nomination?,unknown,2025-07-11T18:36:28.6Z,2028-11-07T00:00:00Z,,active,,,will-george-clooney-win-the-2028-democratic-presidential-nomination,41078018.15237753,2642271.55194,0.0065,0.9935,polymarket_gamma_api,2026-06-08T02:06:59.296292+00:00
polymarket,0xf2e51acfbb6d0414dc2ace81b7dc2af7c165e443dcb91f6caa7aab6d6ab4f06d,Will Chelsea Clinton win the 2028 Democratic presidential nomination?,unknown,2025-07-11T18:36:30.713Z,2028-11-07T00:00:00Z,,active,,,will-chelsea-clinton-win-the-2028-democratic-presidential-nomination,49302278.33858665,595821.12654,0.0095,0.9905,polymarket_gamma_api,2026-06-08T02:06:59.296292+00:00
polymarket,0xc44edcfdedb422bae8ff1803e2178d1ee025fc41efd81400ccbede709e018841,Will MrBeast win the 2028 Democratic presidential nomination?,unknown,2025-07-11T18:36:30.454Z,2028-11-07T00:00:00Z,,active,,,will-mrbeast-win-the-2028-democratic-presidential-nomination,38569680.639466815,2775376.84451,0.0075,0.9925,polymarket_gamma_api,2026-06-08T02:06:59.296292+00:00
